
     Program BANDS v.7.5 starts on  4Sep2026 at 21: 6:26 

     This program is part of the open-source Quantum ESPRESSO suite
     for quantum simulation of materials; please cite
         "P. Giannozzi et al., J. Phys.:Condens. Matter 21 395502 (2009);
         "P. Giannozzi et al., J. Phys.:Condens. Matter 29 465901 (2017);
         "P. Giannozzi et al., J. Chem. Phys. 152 154105 (2020);
          URL http://www.quantum-espresso.org", 
     in publications or presentations arising from this work. More details at
     http://www.quantum-espresso.org/quote

     Parallel version (MPI), running on     1 processors

     MPI processes distributed on     1 nodes
     184416 MiB available memory on the printing compute node when the environment starts
 

     Reading xml data from directory:

     ./tmp/pb.save/

     IMPORTANT: XC functional enforced from input :
     Exchange-correlation= PBE
                           (   1   4   3   4   0   0   0)
     Any further DFT definition will be discarded
     Please, verify this is what you really want

 
     G-vector sticks info
     --------------------
     sticks:   dense  smooth     PW     G-vecs:    dense   smooth      PW
     Sum         361     361    121                 4477     4477     869
 
     Using Slab Decomposition
 
     Reading collected, re-writing distributed wavefunctions
     high-symmetry point:  0.0000 0.0000 0.0000   x coordinate   0.0000
     high-symmetry point: -1.0000 0.0000 0.0000   x coordinate   1.0000
     high-symmetry point: -1.0000 0.5000 0.0000   x coordinate   1.5000
     high-symmetry point: -0.5000 0.5000 0.5000   x coordinate   2.2071
     high-symmetry point:  0.0000 0.0000 0.0000   x coordinate   3.0731
     high-symmetry point: -0.7500 0.7500 0.0000   x coordinate   4.1338

     Plottable bands (eV) written to file band.dat.gnu
     Bands written to file band.dat

 **************************************************************************

                    xk=(   0.00000,   0.00000,   0.00000  )

     point group O_h (m-3m) 
     there are 10 classes
     the character table:

       E     8C3   3C2   6C4   6C2'  i     8S6   3s_h  6S4   6s_d 
A_1g   1.00  1.00  1.00  1.00  1.00  1.00  1.00  1.00  1.00  1.00
A_2g   1.00  1.00  1.00 -1.00 -1.00  1.00  1.00  1.00 -1.00 -1.00
E_g    2.00 -1.00  2.00  0.00  0.00  2.00 -1.00  2.00  0.00  0.00
T_1g   3.00  0.00 -1.00  1.00 -1.00  3.00  0.00 -1.00  1.00 -1.00
T_2g   3.00  0.00 -1.00 -1.00  1.00  3.00  0.00 -1.00 -1.00  1.00
A_1u   1.00  1.00  1.00  1.00  1.00 -1.00 -1.00 -1.00 -1.00 -1.00
A_2u   1.00  1.00  1.00 -1.00 -1.00 -1.00 -1.00 -1.00  1.00  1.00
E_u    2.00 -1.00  2.00  0.00  0.00 -2.00  1.00 -2.00  0.00  0.00
T_1u   3.00  0.00 -1.00  1.00 -1.00 -3.00  0.00  1.00 -1.00  1.00
T_2u   3.00  0.00 -1.00 -1.00  1.00 -3.00  0.00  1.00  1.00 -1.00

     the symmetry operations in each class and the name of the first element:

     E        1
                                                                 
     8C3     17   19   20   18   24   21   22   23
                                                                 
     3C2      2    4    3
                                                                 
     6C4      7    8   15   16   12   11
                                                                 
     6C2'     5    6   14   13   10    9
                                                                 
     i       25
                                                                 
     8S6     41   43   44   42   48   45   46   47
                                                                 
     3s_h    26   28   27
                                                                 
     6S4     31   32   39   40   36   35
                                                                 
     6s_d    29   30   38   37   34   33
                                                                 

     Band symmetry, O_h (m-3m)  point group:

     e(  1 -  3) =     -5.36812  eV     3   --> T_2g G_25' G_5+
     e(  4 -  5) =     -5.20398  eV     2   --> E_g  G_12  G_3+
     e(  6 -  6) =     -0.17642  eV     1   --> A_1g G_1   G_1+
     e(  7 -  9) =     19.28263  eV     3   --> T_1u G_15  G_4-
     e( 10 - 10) =     21.87000  eV     1   --> A_2u G_2'  G_2-

 **************************************************************************

 **************************************************************************

                    xk=(  -0.02500,   0.00000,   0.00000  )

     point group C_4v (4mm) 
     there are  5 classes
     the character table:

       E     2C4   C2    2s_v  2s_d 
A_1    1.00  1.00  1.00  1.00  1.00
A_2    1.00  1.00  1.00 -1.00 -1.00
B_1    1.00 -1.00  1.00  1.00 -1.00
B_2    1.00 -1.00  1.00 -1.00  1.00
E      2.00  0.00 -2.00  0.00  0.00

     the symmetry operations in each class and the name of the first element:

     E        1
                                                                 
     2C4      3    4
                                                                 
     C2       2
                                                                 
     2s_v     5    6
                                                                 
     2s_d     7    8
                                                                 

     Band symmetry, C_4v (4mm)  point group:

     e(  1 -  1) =     -5.36826  eV     1   --> B_2  G_4 D_2'  
     e(  2 -  3) =     -5.36737  eV     2   --> E    G_5 D_5   
     e(  4 -  4) =     -5.20391  eV     1   --> A_1  G_1 D_1   
     e(  5 -  5) =     -5.20367  eV     1   --> B_1  G_3 D_2   
     e(  6 -  6) =     -0.17235  eV     1   --> A_1  G_1 D_1   
     e(  7 -  7) =     19.25002  eV     1   --> A_1  G_1 D_1   
     e(  8 -  9) =     19.26258  eV     2   --> E    G_5 D_5   
     e( 10 - 10) =     21.85163  eV     1   --> B_2  G_4 D_2'  

 **************************************************************************

 **************************************************************************

                    xk=(  -0.05000,   0.00000,   0.00000  )

     Band symmetry, C_4v (4mm)  point group:

     e(  1 -  1) =     -5.36866  eV     1   --> B_2  G_4 D_2'  
     e(  2 -  3) =     -5.36513  eV     2   --> E    G_5 D_5   
     e(  4 -  4) =     -5.20369  eV     1   --> A_1  G_1 D_1   
     e(  5 -  5) =     -5.20272  eV     1   --> B_1  G_3 D_2   
     e(  6 -  6) =     -0.16013  eV     1   --> A_1  G_1 D_1   
     e(  7 -  7) =     19.15569  eV     1   --> A_1  G_1 D_1   
     e(  8 -  9) =     19.20364  eV     2   --> E    G_5 D_5   
     e( 10 - 10) =     21.79859  eV     1   --> B_2  G_4 D_2'  

 **************************************************************************

 **************************************************************************

                    xk=(  -0.07500,   0.00000,   0.00000  )

     Band symmetry, C_4v (4mm)  point group:

     e(  1 -  1) =     -5.36932  eV     1   --> B_2  G_4 D_2'  
     e(  2 -  3) =     -5.36140  eV     2   --> E    G_5 D_5   
     e(  4 -  4) =     -5.20332  eV     1   --> A_1  G_1 D_1   
     e(  5 -  5) =     -5.20115  eV     1   --> B_1  G_3 D_2   
     e(  6 -  6) =     -0.13977  eV     1   --> A_1  G_1 D_1   
     e(  7 -  7) =     19.00851  eV     1   --> A_1  G_1 D_1   
     e(  8 -  9) =     19.10907  eV     2   --> E    G_5 D_5   
     e( 10 - 10) =     21.71616  eV     1   --> B_2  G_4 D_2'  

 **************************************************************************

 **************************************************************************

                    xk=(  -0.10000,   0.00000,   0.00000  )

     Band symmetry, C_4v (4mm)  point group:

     e(  1 -  2) =     -5.38699  eV     2   --> E    G_5 D_5   
     e(  3 -  3) =     -5.37601  eV     1   --> B_2  G_4 D_2'  
     e(  4 -  4) =     -5.23917  eV     1   --> A_1  G_1 D_1   
     e(  5 -  5) =     -5.19895  eV     1   --> B_1  G_3 D_2   
     e(  6 -  6) =     -0.11133  eV     1   --> A_1  G_1 D_1   
     e(  7 -  7) =     18.81945  eV     1   --> A_1  G_1 D_1   
     e(  8 -  9) =     18.98322  eV     2   --> E    G_5 D_5   
     e( 10 - 10) =     21.61087  eV     1   --> B_2  G_4 D_2'  

 **************************************************************************

 **************************************************************************

                    xk=(  -0.12500,   0.00000,   0.00000  )

     Band symmetry, C_4v (4mm)  point group:

     e(  1 -  2) =     -5.38168  eV     2   --> E    G_5 D_5   
     e(  3 -  3) =     -5.37747  eV     1   --> B_2  G_4 D_2'  
     e(  4 -  4) =     -5.21470  eV     1   --> A_1  G_1 D_1   
     e(  5 -  5) =     -5.19614  eV     1   --> B_1  G_3 D_2   
     e(  6 -  6) =     -0.07463  eV     1   --> A_1  G_1 D_1   
     e(  7 -  7) =     18.59885  eV     1   --> A_1  G_1 D_1   
     e(  8 -  9) =     18.83181  eV     2   --> E    G_5 D_5   
     e( 10 - 10) =     21.48943  eV     1   --> B_2  G_4 D_2'  

 **************************************************************************

 **************************************************************************

                    xk=(  -0.15000,   0.00000,   0.00000  )

     Band symmetry, C_4v (4mm)  point group:

     e(  1 -  2) =     -5.38401  eV     2   --> E    G_5 D_5   
     e(  3 -  3) =     -5.37916  eV     1   --> B_2  G_4 D_2'  
     e(  4 -  4) =     -5.30446  eV     1   --> A_1  G_1 D_1   
     e(  5 -  5) =     -5.19302  eV     1   --> B_1  G_3 D_2   
     e(  6 -  6) =     -0.02991  eV     1   --> A_1  G_1 D_1   
     e(  7 -  7) =     18.35504  eV     1   --> A_1  G_1 D_1   
     e(  8 -  9) =     18.65968  eV     2   --> E    G_5 D_5   
     e( 10 - 10) =     21.35721  eV     1   --> B_2  G_4 D_2'  

 **************************************************************************

 **************************************************************************

                    xk=(  -0.17500,   0.00000,   0.00000  )

     Band symmetry, C_4v (4mm)  point group:

     e(  1 -  1) =     -5.38108  eV     1   --> B_2  G_4 D_2'  
     e(  2 -  3) =     -5.37641  eV     2   --> E    G_5 D_5   
     e(  4 -  4) =     -5.30972  eV     1   --> A_1  G_1 D_1   
     e(  5 -  5) =     -5.18903  eV     1   --> B_1  G_3 D_2   
     e(  6 -  6) =      0.02307  eV     1   --> A_1  G_1 D_1   
     e(  7 -  7) =     18.09428  eV     1   --> A_1  G_1 D_1   
     e(  8 -  9) =     18.47190  eV     2   --> E    G_5 D_5   
     e( 10 - 10) =     21.21844  eV     1   --> B_2  G_4 D_2'  

 **************************************************************************

 **************************************************************************

                    xk=(  -0.20000,   0.00000,   0.00000  )

     Band symmetry, C_4v (4mm)  point group:

     e(  1 -  2) =     -5.40708  eV     2   --> E    G_5 D_5   
     e(  3 -  3) =     -5.40161  eV     1   --> B_2  G_4 D_2'  
     e(  4 -  4) =     -5.32290  eV     1   --> A_1  G_1 D_1   
     e(  5 -  5) =     -5.18446  eV     1   --> B_1  G_3 D_2   
     e(  6 -  6) =      0.08413  eV     1   --> A_1  G_1 D_1   
     e(  7 -  7) =     17.82096  eV     1   --> A_1  G_1 D_1   
     e(  8 -  9) =     18.27137  eV     2   --> E    G_5 D_5   
     e( 10 - 10) =     21.07448  eV     1   --> B_2  G_4 D_2'  

 **************************************************************************

 **************************************************************************

                    xk=(  -0.22500,   0.00000,   0.00000  )

     Band symmetry, C_4v (4mm)  point group:

     e(  1 -  1) =     -5.40468  eV     1   --> B_2  G_4 D_2'  
     e(  2 -  3) =     -5.39826  eV     2   --> E    G_5 D_5   
     e(  4 -  4) =     -5.32810  eV     1   --> A_1  G_1 D_1   
     e(  5 -  5) =     -5.17933  eV     1   --> B_1  G_3 D_2   
     e(  6 -  6) =      0.15342  eV     1   --> A_1  G_1 D_1   
     e(  7 -  7) =     17.53809  eV     1   --> A_1  G_1 D_1   
     e(  8 -  9) =     18.06353  eV     2   --> E    G_5 D_5   
     e( 10 - 10) =     20.93093  eV     1   --> B_2  G_4 D_2'  

 **************************************************************************

 **************************************************************************

                    xk=(  -0.25000,   0.00000,   0.00000  )

     Band symmetry, C_4v (4mm)  point group:

     e(  1 -  1) =     -5.47191  eV     1   --> B_2  G_4 D_2'  
     e(  2 -  3) =     -5.42037  eV     2   --> E    G_5 D_5   
     e(  4 -  4) =     -5.35625  eV     1   --> A_1  G_1 D_1   
     e(  5 -  5) =     -5.23297  eV     1   --> B_1  G_3 D_2   
     e(  6 -  6) =      0.23080  eV     1   --> A_1  G_1 D_1   
     e(  7 -  7) =     17.24764  eV     1   --> A_1  G_1 D_1   
     e(  8 -  9) =     17.84940  eV     2   --> E    G_5 D_5   
     e( 10 - 10) =     20.77934  eV     1   --> B_2  G_4 D_2'  

 **************************************************************************

 **************************************************************************

                    xk=(  -0.27500,   0.00000,   0.00000  )

     Band symmetry, C_4v (4mm)  point group:

     e(  1 -  1) =     -5.47654  eV     1   --> B_2  G_4 D_2'  
     e(  2 -  3) =     -5.40924  eV     2   --> E    G_5 D_5   
     e(  4 -  4) =     -5.36205  eV     1   --> A_1  G_1 D_1   
     e(  5 -  5) =     -5.22798  eV     1   --> B_1  G_3 D_2   
     e(  6 -  6) =      0.31641  eV     1   --> A_1  G_1 D_1   
     e(  7 -  7) =     16.95084  eV     1   --> A_1  G_1 D_1   
     e(  8 -  9) =     17.63311  eV     2   --> E    G_5 D_5   
     e( 10 - 10) =     20.63738  eV     1   --> B_2  G_4 D_2'  

 **************************************************************************

 **************************************************************************

                    xk=(  -0.30000,   0.00000,   0.00000  )

     Band symmetry, C_4v (4mm)  point group:

     e(  1 -  1) =     -5.48130  eV     1   --> B_2  G_4 D_2'  
     e(  2 -  3) =     -5.39698  eV     2   --> E    G_5 D_5   
     e(  4 -  4) =     -5.36777  eV     1   --> A_1  G_1 D_1   
     e(  5 -  5) =     -5.22251  eV     1   --> B_1  G_3 D_2   
     e(  6 -  6) =      0.41014  eV     1   --> A_1  G_1 D_1   
     e(  7 -  7) =     16.64842  eV     1   --> A_1  G_1 D_1   
     e(  8 -  9) =     17.41571  eV     2   --> E    G_5 D_5   
     e( 10 - 10) =     20.49825  eV     1   --> B_2  G_4 D_2'  

 **************************************************************************

 **************************************************************************

                    xk=(  -0.32500,   0.00000,   0.00000  )

     Band symmetry, C_4v (4mm)  point group:

     e(  1 -  1) =     -5.57380  eV     1   --> B_2  G_4 D_2'  
     e(  2 -  3) =     -5.43768  eV     2   --> E    G_5 D_5   
     e(  4 -  4) =     -5.38157  eV     1   --> A_1  G_1 D_1   
     e(  5 -  5) =     -5.23217  eV     1   --> B_1  G_3 D_2   
     e(  6 -  6) =      0.51189  eV     1   --> A_1  G_1 D_1   
     e(  7 -  7) =     16.34075  eV     1   --> A_1  G_1 D_1   
     e(  8 -  9) =     17.19699  eV     2   --> E    G_5 D_5   
     e( 10 - 10) =     20.34793  eV     1   --> B_2  G_4 D_2'  

 **************************************************************************

 **************************************************************************

                    xk=(  -0.35000,   0.00000,   0.00000  )

     Band symmetry, C_4v (4mm)  point group:

     e(  1 -  1) =     -5.58099  eV     1   --> B_2  G_4 D_2'  
     e(  2 -  3) =     -5.42404  eV     2   --> E    G_5 D_5   
     e(  4 -  4) =     -5.38753  eV     1   --> A_1  G_1 D_1   
     e(  5 -  5) =     -5.22622  eV     1   --> B_1  G_3 D_2   
     e(  6 -  6) =      0.62180  eV     1   --> A_1  G_1 D_1   
     e(  7 -  7) =     16.02800  eV     1   --> A_1  G_1 D_1   
     e(  8 -  9) =     16.98179  eV     2   --> E    G_5 D_5   
     e( 10 - 10) =     20.21506  eV     1   --> B_2  G_4 D_2'  

 **************************************************************************

 **************************************************************************

                    xk=(  -0.37500,   0.00000,   0.00000  )

     Band symmetry, C_4v (4mm)  point group:

     e(  1 -  1) =     -5.58822  eV     1   --> B_2  G_4 D_2'  
     e(  2 -  3) =     -5.40941  eV     2   --> E    G_5 D_5   
     e(  4 -  4) =     -5.39334  eV     1   --> A_1  G_1 D_1   
     e(  5 -  5) =     -5.21985  eV     1   --> B_1  G_3 D_2   
     e(  6 -  6) =      0.73972  eV     1   --> A_1  G_1 D_1   
     e(  7 -  7) =     15.71021  eV     1   --> A_1  G_1 D_1   
     e(  8 -  9) =     16.76944  eV     2   --> E    G_5 D_5   
     e( 10 - 10) =     20.08657  eV     1   --> B_2  G_4 D_2'  

 **************************************************************************

 **************************************************************************

                    xk=(  -0.40000,   0.00000,   0.00000  )

     Band symmetry, C_4v (4mm)  point group:

     e(  1 -  1) =     -5.59547  eV     1   --> B_2  G_4 D_2'  
     e(  2 -  2) =     -5.39899  eV     1   --> A_1  G_1 D_1   
     e(  3 -  4) =     -5.39386  eV     2   --> E    G_5 D_5   
     e(  5 -  5) =     -5.21309  eV     1   --> B_1  G_3 D_2   
     e(  6 -  6) =      0.86560  eV     1   --> A_1  G_1 D_1   
     e(  7 -  7) =     15.38741  eV     1   --> A_1  G_1 D_1   
     e(  8 -  9) =     16.56086  eV     2   --> E    G_5 D_5   
     e( 10 - 10) =     19.96273  eV     1   --> B_2  G_4 D_2'  

 **************************************************************************

 **************************************************************************

                    xk=(  -0.42500,   0.00000,   0.00000  )

     Band symmetry, C_4v (4mm)  point group:

     e(  1 -  1) =     -5.60395  eV     1   --> B_2  G_4 D_2'  
     e(  2 -  2) =     -5.47935  eV     1   --> A_1  G_1 D_1   
     e(  3 -  4) =     -5.39563  eV     2   --> E    G_5 D_5   
     e(  5 -  5) =     -5.20598  eV     1   --> B_1  G_3 D_2   
     e(  6 -  6) =      0.99890  eV     1   --> A_1  G_1 D_1   
     e(  7 -  7) =     15.05965  eV     1   --> A_1  G_1 D_1   
     e(  8 -  9) =     16.35615  eV     2   --> E    G_5 D_5   
     e( 10 - 10) =     19.84350  eV     1   --> B_2  G_4 D_2'  

 **************************************************************************

 **************************************************************************

                    xk=(  -0.45000,   0.00000,   0.00000  )

     Band symmetry, C_4v (4mm)  point group:

     e(  1 -  1) =     -5.61118  eV     1   --> B_2  G_4 D_2'  
     e(  2 -  2) =     -5.48749  eV     1   --> A_1  G_1 D_1   
     e(  3 -  4) =     -5.37934  eV     2   --> E    G_5 D_5   
     e(  5 -  5) =     -5.19854  eV     1   --> B_1  G_3 D_2   
     e(  6 -  6) =      1.14039  eV     1   --> A_1  G_1 D_1   
     e(  7 -  7) =     14.72711  eV     1   --> A_1  G_1 D_1   
     e(  8 -  9) =     16.15730  eV     2   --> E    G_5 D_5   
     e( 10 - 10) =     19.72950  eV     1   --> B_2  G_4 D_2'  

 **************************************************************************

 **************************************************************************

                    xk=(  -0.47500,   0.00000,   0.00000  )

     Band symmetry, C_4v (4mm)  point group:

     e(  1 -  1) =     -5.61699  eV     1   --> B_2  G_4 D_2'  
     e(  2 -  2) =     -5.37116  eV     1   --> A_1  G_1 D_1   
     e(  3 -  4) =     -5.32091  eV     2   --> E    G_5 D_5   
     e(  5 -  5) =     -5.18840  eV     1   --> B_1  G_3 D_2   
     e(  6 -  6) =      1.29077  eV     1   --> A_1  G_1 D_1   
     e(  7 -  7) =     14.39033  eV     1   --> A_1  G_1 D_1   
     e(  8 -  9) =     15.96576  eV     2   --> E    G_5 D_5   
     e( 10 - 10) =     19.62093  eV     1   --> B_2  G_4 D_2'  

 **************************************************************************

 **************************************************************************

                    xk=(  -0.50000,   0.00000,   0.00000  )

     Band symmetry, C_4v (4mm)  point group:

     e(  1 -  1) =     -5.62404  eV     1   --> B_2  G_4 D_2'  
     e(  2 -  2) =     -5.38387  eV     1   --> A_1  G_1 D_1   
     e(  3 -  4) =     -5.30520  eV     2   --> E    G_5 D_5   
     e(  5 -  5) =     -5.18051  eV     1   --> B_1  G_3 D_2   
     e(  6 -  6) =      1.44757  eV     1   --> A_1  G_1 D_1   
     e(  7 -  7) =     14.04922  eV     1   --> A_1  G_1 D_1   
     e(  8 -  9) =     15.77883  eV     2   --> E    G_5 D_5   
     e( 10 - 10) =     19.51718  eV     1   --> B_2  G_4 D_2'  

 **************************************************************************

 **************************************************************************

                    xk=(  -0.52500,   0.00000,   0.00000  )

     Band symmetry, C_4v (4mm)  point group:

     e(  1 -  1) =     -5.63090  eV     1   --> B_2  G_4 D_2'  
     e(  2 -  2) =     -5.39610  eV     1   --> A_1  G_1 D_1   
     e(  3 -  4) =     -5.28888  eV     2   --> E    G_5 D_5   
     e(  5 -  5) =     -5.17238  eV     1   --> B_1  G_3 D_2   
     e(  6 -  6) =      1.61176  eV     1   --> A_1  G_1 D_1   
     e(  7 -  7) =     13.70454  eV     1   --> A_1  G_1 D_1   
     e(  8 -  9) =     15.59864  eV     2   --> E    G_5 D_5   
     e( 10 - 10) =     19.32741  eV     1   --> A_1  G_1 D_1   

 **************************************************************************

 **************************************************************************

                    xk=(  -0.55000,   0.00000,   0.00000  )

     Band symmetry, C_4v (4mm)  point group:

     e(  1 -  1) =     -5.63753  eV     1   --> B_2  G_4 D_2'  
     e(  2 -  2) =     -5.40780  eV     1   --> A_1  G_1 D_1   
     e(  3 -  4) =     -5.27201  eV     2   --> E    G_5 D_5   
     e(  5 -  5) =     -5.16402  eV     1   --> B_1  G_3 D_2   
     e(  6 -  6) =      1.78313  eV     1   --> A_1  G_1 D_1   
     e(  7 -  7) =     13.35701  eV     1   --> A_1  G_1 D_1   
     e(  8 -  9) =     15.42559  eV     2   --> E    G_5 D_5   
     e( 10 - 10) =     19.08690  eV     1   --> A_1  G_1 D_1   

 **************************************************************************

 **************************************************************************

                    xk=(  -0.57500,   0.00000,   0.00000  )

     Band symmetry, C_4v (4mm)  point group:

     e(  1 -  1) =     -5.64389  eV     1   --> B_2  G_4 D_2'  
     e(  2 -  2) =     -5.42189  eV     1   --> A_1  G_1 D_1   
     e(  3 -  4) =     -5.29346  eV     2   --> E    G_5 D_5   
     e(  5 -  5) =     -5.17916  eV     1   --> B_1  G_3 D_2   
     e(  6 -  6) =      1.96130  eV     1   --> A_1  G_1 D_1   
     e(  7 -  7) =     13.00738  eV     1   --> A_1  G_1 D_1   
     e(  8 -  9) =     15.25907  eV     2   --> E    G_5 D_5   
     e( 10 - 10) =     18.86368  eV     1   --> A_1  G_1 D_1   

 **************************************************************************

 **************************************************************************

                    xk=(  -0.60000,   0.00000,   0.00000  )

     Band symmetry, C_4v (4mm)  point group:

     e(  1 -  1) =     -5.64993  eV     1   --> B_2  G_4 D_2'  
     e(  2 -  2) =     -5.43230  eV     1   --> A_1  G_1 D_1   
     e(  3 -  4) =     -5.27695  eV     2   --> E    G_5 D_5   
     e(  5 -  5) =     -5.17141  eV     1   --> B_1  G_3 D_2   
     e(  6 -  6) =      2.14626  eV     1   --> A_1  G_1 D_1   
     e(  7 -  7) =     12.65665  eV     1   --> A_1  G_1 D_1   
     e(  8 -  9) =     15.10144  eV     2   --> E    G_5 D_5   
     e( 10 - 10) =     18.65814  eV     1   --> A_1  G_1 D_1   

 **************************************************************************

 **************************************************************************

                    xk=(  -0.62500,   0.00000,   0.00000  )

     Band symmetry, C_4v (4mm)  point group:

     e(  1 -  1) =     -5.65562  eV     1   --> B_2  G_4 D_2'  
     e(  2 -  2) =     -5.44199  eV     1   --> A_1  G_1 D_1   
     e(  3 -  4) =     -5.26015  eV     2   --> E    G_5 D_5   
     e(  5 -  5) =     -5.16355  eV     1   --> B_1  G_3 D_2   
     e(  6 -  6) =      2.33754  eV     1   --> A_1  G_1 D_1   
     e(  7 -  7) =     12.30581  eV     1   --> A_1  G_1 D_1   
     e(  8 -  9) =     14.95194  eV     2   --> E    G_5 D_5   
     e( 10 - 10) =     18.46922  eV     1   --> A_1  G_1 D_1   

 **************************************************************************

 **************************************************************************

                    xk=(  -0.65000,   0.00000,   0.00000  )

     Band symmetry, C_4v (4mm)  point group:

     e(  1 -  1) =     -5.62918  eV     1   --> B_2  G_4 D_2'  
     e(  2 -  2) =     -5.44041  eV     1   --> A_1  G_1 D_1   
     e(  3 -  4) =     -5.16283  eV     2   --> E    G_5 D_5   
     e(  5 -  5) =     -5.14606  eV     1   --> B_1  G_3 D_2   
     e(  6 -  6) =      2.53523  eV     1   --> A_1  G_1 D_1   
     e(  7 -  7) =     11.95612  eV     1   --> A_1  G_1 D_1   
     e(  8 -  9) =     14.81250  eV     2   --> E    G_5 D_5   
     e( 10 - 10) =     18.29791  eV     1   --> A_1  G_1 D_1   

 **************************************************************************

 **************************************************************************

                    xk=(  -0.67500,   0.00000,   0.00000  )

     Band symmetry, C_4v (4mm)  point group:

     e(  1 -  1) =     -5.63537  eV     1   --> B_2  G_4 D_2'  
     e(  2 -  2) =     -5.44853  eV     1   --> A_1  G_1 D_1   
     e(  3 -  4) =     -5.14819  eV     2   --> E    G_5 D_5   
     e(  5 -  5) =     -5.13847  eV     1   --> B_1  G_3 D_2   
     e(  6 -  6) =      2.73778  eV     1   --> A_1  G_1 D_1   
     e(  7 -  7) =     11.60846  eV     1   --> A_1  G_1 D_1   
     e(  8 -  9) =     14.67984  eV     2   --> E    G_5 D_5   
     e( 10 - 10) =     18.14024  eV     1   --> A_1  G_1 D_1   

 **************************************************************************

 **************************************************************************

                    xk=(  -0.70000,   0.00000,   0.00000  )

     Band symmetry, C_4v (4mm)  point group:

     e(  1 -  1) =     -5.64105  eV     1   --> B_2  G_4 D_2'  
     e(  2 -  2) =     -5.45574  eV     1   --> A_1  G_1 D_1   
     e(  3 -  4) =     -5.13346  eV     2   --> E    G_5 D_5   
     e(  5 -  5) =     -5.13085  eV     1   --> B_1  G_3 D_2   
     e(  6 -  6) =      2.94502  eV     1   --> A_1  G_1 D_1   
     e(  7 -  7) =     11.26429  eV     1   --> A_1  G_1 D_1   
     e(  8 -  9) =     14.55610  eV     2   --> E    G_5 D_5   
     e( 10 - 10) =     17.99719  eV     1   --> A_1  G_1 D_1   

 **************************************************************************

 **************************************************************************

                    xk=(  -0.72500,   0.00000,   0.00000  )

     Band symmetry, C_4v (4mm)  point group:

     e(  1 -  1) =     -5.64984  eV     1   --> B_2  G_4 D_2'  
     e(  2 -  2) =     -5.51830  eV     1   --> A_1  G_1 D_1   
     e(  3 -  3) =     -5.22258  eV     1   --> B_1  G_3 D_2   
     e(  4 -  5) =     -5.20098  eV     2   --> E    G_5 D_5   
     e(  6 -  6) =      3.15514  eV     1   --> A_1  G_1 D_1   
     e(  7 -  7) =     10.92470  eV     1   --> A_1  G_1 D_1   
     e(  8 -  9) =     14.44047  eV     2   --> E    G_5 D_5   
     e( 10 - 10) =     17.85818  eV     1   --> A_1  G_1 D_1   

 **************************************************************************

 **************************************************************************

                    xk=(  -0.75000,   0.00000,   0.00000  )

     Band symmetry, C_4v (4mm)  point group:

     e(  1 -  1) =     -5.65457  eV     1   --> B_2  G_4 D_2'  
     e(  2 -  2) =     -5.52446  eV     1   --> A_1  G_1 D_1   
     e(  3 -  3) =     -5.21671  eV     1   --> B_1  G_3 D_2   
     e(  4 -  5) =     -5.18922  eV     2   --> E    G_5 D_5   
     e(  6 -  6) =      3.36898  eV     1   --> A_1  G_1 D_1   
     e(  7 -  7) =     10.59200  eV     1   --> A_1  G_1 D_1   
     e(  8 -  9) =     14.33530  eV     2   --> E    G_5 D_5   
     e( 10 - 10) =     17.74224  eV     1   --> A_1  G_1 D_1   

 **************************************************************************

 **************************************************************************

                    xk=(  -0.77500,   0.00000,   0.00000  )

     Band symmetry, C_4v (4mm)  point group:

     e(  1 -  1) =     -5.65003  eV     1   --> B_2  G_4 D_2'  
     e(  2 -  2) =     -5.47055  eV     1   --> A_1  G_1 D_1   
     e(  3 -  3) =     -5.20551  eV     1   --> B_1  G_3 D_2   
     e(  4 -  5) =     -5.11094  eV     2   --> E    G_5 D_5   
     e(  6 -  6) =      3.58599  eV     1   --> A_1  G_1 D_1   
     e(  7 -  7) =     10.26823  eV     1   --> A_1  G_1 D_1   
     e(  8 -  9) =     14.24020  eV     2   --> E    G_5 D_5   
     e( 10 - 10) =     17.64974  eV     1   --> A_1  G_1 D_1   

 **************************************************************************

 **************************************************************************

                    xk=(  -0.80000,   0.00000,   0.00000  )

     Band symmetry, C_4v (4mm)  point group:

     e(  1 -  1) =     -5.65396  eV     1   --> B_2  G_4 D_2'  
     e(  2 -  2) =     -5.47635  eV     1   --> A_1  G_1 D_1   
     e(  3 -  3) =     -5.20006  eV     1   --> B_1  G_3 D_2   
     e(  4 -  5) =     -5.10232  eV     2   --> E    G_5 D_5   
     e(  6 -  6) =      3.80090  eV     1   --> A_1  G_1 D_1   
     e(  7 -  7) =      9.95470  eV     1   --> A_1  G_1 D_1   
     e(  8 -  9) =     14.15403  eV     2   --> E    G_5 D_5   
     e( 10 - 10) =     17.55876  eV     1   --> A_1  G_1 D_1   

 **************************************************************************

 **************************************************************************

                    xk=(  -0.82500,   0.00000,   0.00000  )

     Band symmetry, C_4v (4mm)  point group:

     e(  1 -  1) =     -5.65722  eV     1   --> B_2  G_4 D_2'  
     e(  2 -  2) =     -5.48091  eV     1   --> A_1  G_1 D_1   
     e(  3 -  3) =     -5.19470  eV     1   --> B_1  G_3 D_2   
     e(  4 -  5) =     -5.09393  eV     2   --> E    G_5 D_5   
     e(  6 -  6) =      4.01294  eV     1   --> A_1  G_1 D_1   
     e(  7 -  7) =      9.65475  eV     1   --> A_1  G_1 D_1   
     e(  8 -  9) =     14.07767  eV     2   --> E    G_5 D_5   
     e( 10 - 10) =     17.47967  eV     1   --> A_1  G_1 D_1   

 **************************************************************************

 **************************************************************************

                    xk=(  -0.85000,   0.00000,   0.00000  )

     Band symmetry, C_4v (4mm)  point group:

     e(  1 -  1) =     -5.65978  eV     1   --> B_2  G_4 D_2'  
     e(  2 -  2) =     -5.48420  eV     1   --> A_1  G_1 D_1   
     e(  3 -  3) =     -5.18944  eV     1   --> B_1  G_3 D_2   
     e(  4 -  5) =     -5.08584  eV     2   --> E    G_5 D_5   
     e(  6 -  6) =      4.21883  eV     1   --> A_1  G_1 D_1   
     e(  7 -  7) =      9.37201  eV     1   --> A_1  G_1 D_1   
     e(  8 -  9) =     14.01123  eV     2   --> E    G_5 D_5   
     e( 10 - 10) =     17.41206  eV     1   --> A_1  G_1 D_1   

 **************************************************************************

 **************************************************************************

                    xk=(  -0.87500,   0.00000,   0.00000  )

     Band symmetry, C_4v (4mm)  point group:

     e(  1 -  1) =     -5.66164  eV     1   --> B_2  G_4 D_2'  
     e(  2 -  2) =     -5.48616  eV     1   --> A_1  G_1 D_1   
     e(  3 -  3) =     -5.18431  eV     1   --> B_1  G_3 D_2   
     e(  4 -  5) =     -5.07808  eV     2   --> E    G_5 D_5   
     e(  6 -  6) =      4.41410  eV     1   --> A_1  G_1 D_1   
     e(  7 -  7) =      9.11125  eV     1   --> A_1  G_1 D_1   
     e(  8 -  9) =     13.95483  eV     2   --> E    G_5 D_5   
     e( 10 - 10) =     17.35560  eV     1   --> A_1  G_1 D_1   

 **************************************************************************

 **************************************************************************

                    xk=(  -0.90000,   0.00000,   0.00000  )

     Band symmetry, C_4v (4mm)  point group:

     e(  1 -  1) =     -5.66277  eV     1   --> B_2  G_4 D_2'  
     e(  2 -  2) =     -5.48677  eV     1   --> A_1  G_1 D_1   
     e(  3 -  3) =     -5.17932  eV     1   --> B_1  G_3 D_2   
     e(  4 -  5) =     -5.07071  eV     2   --> E    G_5 D_5   
     e(  6 -  6) =      4.59282  eV     1   --> A_1  G_1 D_1   
     e(  7 -  7) =      8.87864  eV     1   --> A_1  G_1 D_1   
     e(  8 -  9) =     13.90856  eV     2   --> E    G_5 D_5   
     e( 10 - 10) =     17.30999  eV     1   --> A_1  G_1 D_1   

 **************************************************************************

 **************************************************************************

                    xk=(  -0.92500,   0.00000,   0.00000  )

     Band symmetry, C_4v (4mm)  point group:

     e(  1 -  1) =     -5.66315  eV     1   --> B_2  G_4 D_2'  
     e(  2 -  2) =     -5.48598  eV     1   --> A_1  G_1 D_1   
     e(  3 -  3) =     -5.17448  eV     1   --> B_1  G_3 D_2   
     e(  4 -  5) =     -5.06375  eV     2   --> E    G_5 D_5   
     e(  6 -  6) =      4.74732  eV     1   --> A_1  G_1 D_1   
     e(  7 -  7) =      8.68205  eV     1   --> A_1  G_1 D_1   
     e(  8 -  9) =     13.87249  eV     2   --> E    G_5 D_5   
     e( 10 - 10) =     17.27500  eV     1   --> A_1  G_1 D_1   

 **************************************************************************

 **************************************************************************

                    xk=(  -0.95000,   0.00000,   0.00000  )

     Band symmetry, C_4v (4mm)  point group:

     e(  1 -  1) =     -5.68358  eV     1   --> B_2  G_4 D_2'  
     e(  2 -  2) =     -5.48523  eV     1   --> A_1  G_1 D_1   
     e(  3 -  3) =     -5.20895  eV     1   --> B_1  G_3 D_2   
     e(  4 -  5) =     -5.13555  eV     2   --> E    G_5 D_5   
     e(  6 -  6) =      4.86804  eV     1   --> A_1  G_1 D_1   
     e(  7 -  7) =      8.53086  eV     1   --> A_1  G_1 D_1   
     e(  8 -  9) =     13.84666  eV     2   --> E    G_5 D_5   
     e( 10 - 10) =     17.25025  eV     1   --> A_1  G_1 D_1   

 **************************************************************************

 **************************************************************************

                    xk=(  -0.97500,   0.00000,   0.00000  )

     Band symmetry, C_4v (4mm)  point group:

     e(  1 -  1) =     -5.63168  eV     1   --> B_2  G_4 D_2'  
     e(  2 -  2) =     -5.51721  eV     1   --> A_1  G_1 D_1   
     e(  3 -  3) =     -5.12464  eV     1   --> B_1  G_3 D_2   
     e(  4 -  5) =     -5.07336  eV     2   --> E    G_5 D_5   
     e(  6 -  6) =      4.94439  eV     1   --> A_1  G_1 D_1   
     e(  7 -  7) =      8.43485  eV     1   --> A_1  G_1 D_1   
     e(  8 -  9) =     13.83121  eV     2   --> E    G_5 D_5   
     e( 10 - 10) =     17.22961  eV     1   --> A_1  G_1 D_1   

 **************************************************************************

 **************************************************************************

                    xk=(  -1.00000,   0.00000,   0.00000  )

     point group D_4h(4/mmm)
     there are 10 classes
     the character table:

       E     2C4   C2    2C2'  2C2'' i     2S4   s_h   2s_v  2s_d 
A_1g   1.00  1.00  1.00  1.00  1.00  1.00  1.00  1.00  1.00  1.00
A_2g   1.00  1.00  1.00 -1.00 -1.00  1.00  1.00  1.00 -1.00 -1.00
B_1g   1.00 -1.00  1.00  1.00 -1.00  1.00 -1.00  1.00  1.00 -1.00
B_2g   1.00 -1.00  1.00 -1.00  1.00  1.00 -1.00  1.00 -1.00  1.00
E_g    2.00  0.00 -2.00  0.00  0.00  2.00  0.00 -2.00  0.00  0.00
A_1u   1.00  1.00  1.00  1.00  1.00 -1.00 -1.00 -1.00 -1.00 -1.00
A_2u   1.00  1.00  1.00 -1.00 -1.00 -1.00 -1.00 -1.00  1.00  1.00
B_1u   1.00 -1.00  1.00  1.00 -1.00 -1.00  1.00 -1.00 -1.00  1.00
B_2u   1.00 -1.00  1.00 -1.00  1.00 -1.00  1.00 -1.00  1.00 -1.00
E_u    2.00  0.00 -2.00  0.00  0.00 -2.00  0.00  2.00  0.00  0.00

     the symmetry operations in each class and the name of the first element:

     E        1
                                                                 
     2C4      7    8
                                                                 
     C2       4
                                                                 
     2C2'     2    3
                                                                 
     2C2''    5    6
                                                                 
     i        9
                                                                 
     2S4     15   16
                                                                 
     s_h     12
                                                                 
     2s_v    10   11
                                                                 
     2s_d    13   14
                                                                 

     Band symmetry, D_4h(4/mmm) point group:

     e(  1 -  1) =     -5.63200  eV     1   --> B_2g X_3  M_3  
     e(  2 -  2) =     -5.42522  eV     1   --> A_1g X_1  M_1  
     e(  3 -  3) =     -5.12456  eV     1   --> B_1g X_2  M_2  
     e(  4 -  5) =     -5.06821  eV     2   --> E_g  X_5  M_5  
     e(  6 -  6) =      4.97441  eV     1   --> A_1g X_1  M_1  
     e(  7 -  7) =      8.40185  eV     1   --> A_2u X_4' M_4' 
     e(  8 -  9) =     13.82604  eV     2   --> E_u  X_5' M_5' 
     e( 10 - 10) =     17.24223  eV     1   --> A_1g X_1  M_1  

 **************************************************************************

 **************************************************************************

                    xk=(  -1.00000,   0.01250,   0.00000  )

     point group C_2v (mm2) 
     there are  4 classes
     the character table:

       E     C2    s_v   s_v' 
A_1    1.00  1.00  1.00  1.00
A_2    1.00  1.00 -1.00 -1.00
B_1    1.00 -1.00  1.00 -1.00
B_2    1.00 -1.00 -1.00  1.00

     the symmetry operations in each class and the name of the first element:

     E        1
                                                                 
     C2       2
                                                                 
     s_v      3
                                                                 
     s_v'     4
                                                                 

     Band symmetry, C_2v (mm2)  point group:

     e(  1 -  1) =     -5.63177  eV     1   --> B_2  D_4  S_4  
     e(  2 -  2) =     -5.42508  eV     1   --> A_1  D_1  S_1  
     e(  3 -  3) =     -5.12458  eV     1   --> A_1  D_1  S_1  
     e(  4 -  4) =     -5.06836  eV     1   --> B_1  D_3  S_3  
     e(  5 -  5) =     -5.06818  eV     1   --> A_2  D_2  S_2  
     e(  6 -  6) =      4.97456  eV     1   --> A_1  D_1  S_1  
     e(  7 -  7) =      8.40315  eV     1   --> B_1  D_3  S_3  
     e(  8 -  8) =     13.82081  eV     1   --> B_2  D_4  S_4  
     e(  9 -  9) =     13.82100  eV     1   --> A_1  D_1  S_1  
     e( 10 - 10) =     17.25011  eV     1   --> A_1  D_1  S_1  

 **************************************************************************

 **************************************************************************

                    xk=(  -1.00000,   0.02500,   0.00000  )

     Band symmetry, C_2v (mm2)  point group:

     e(  1 -  1) =     -5.63458  eV     1   --> B_2  D_4  S_4  
     e(  2 -  2) =     -5.42673  eV     1   --> A_1  D_1  S_1  
     e(  3 -  3) =     -5.16777  eV     1   --> A_1  D_1  S_1  
     e(  4 -  4) =     -5.12924  eV     1   --> B_1  D_3  S_3  
     e(  5 -  5) =     -5.06932  eV     1   --> A_2  D_2  S_2  
     e(  6 -  6) =      4.97501  eV     1   --> A_1  D_1  S_1  
     e(  7 -  7) =      8.40704  eV     1   --> B_1  D_3  S_3  
     e(  8 -  8) =     13.80523  eV     1   --> B_2  D_4  S_4  
     e(  9 -  9) =     13.80605  eV     1   --> A_1  D_1  S_1  
     e( 10 - 10) =     17.27315  eV     1   --> A_1  D_1  S_1  

 **************************************************************************

 **************************************************************************

                    xk=(  -1.00000,   0.03750,   0.00000  )

     Band symmetry, C_2v (mm2)  point group:

     e(  1 -  1) =     -5.67853  eV     1   --> B_2  D_4  S_4  
     e(  2 -  2) =     -5.42794  eV     1   --> A_1  D_1  S_1  
     e(  3 -  3) =     -5.16872  eV     1   --> A_1  D_1  S_1  
     e(  4 -  4) =     -5.16206  eV     1   --> B_1  D_3  S_3  
     e(  5 -  5) =     -5.10011  eV     1   --> A_2  D_2  S_2  
     e(  6 -  6) =      4.97576  eV     1   --> A_1  D_1  S_1  
     e(  7 -  7) =      8.41351  eV     1   --> B_1  D_3  S_3  
     e(  8 -  8) =     13.77947  eV     1   --> B_2  D_4  S_4  
     e(  9 -  9) =     13.78163  eV     1   --> A_1  D_1  S_1  
     e( 10 - 10) =     17.31135  eV     1   --> A_1  D_1  S_1  

 **************************************************************************

 **************************************************************************

                    xk=(  -1.00000,   0.05000,   0.00000  )

     Band symmetry, C_2v (mm2)  point group:

     e(  1 -  1) =     -5.67757  eV     1   --> B_2  D_4  S_4  
     e(  2 -  2) =     -5.41603  eV     1   --> A_1  D_1  S_1  
     e(  3 -  3) =     -5.16243  eV     1   --> B_1  D_3  S_3  
     e(  4 -  4) =     -5.13102  eV     1   --> A_1  D_1  S_1  
     e(  5 -  5) =     -5.10048  eV     1   --> A_2  D_2  S_2  
     e(  6 -  6) =      4.97691  eV     1   --> A_1  D_1  S_1  
     e(  7 -  7) =      8.42257  eV     1   --> B_1  D_3  S_3  
     e(  8 -  8) =     13.74403  eV     1   --> B_2  D_4  S_4  
     e(  9 -  9) =     13.74843  eV     1   --> A_1  D_1  S_1  
     e( 10 - 10) =     17.36672  eV     1   --> A_1  D_1  S_1  

 **************************************************************************

 **************************************************************************

                    xk=(  -1.00000,   0.06250,   0.00000  )

     Band symmetry, C_2v (mm2)  point group:

     e(  1 -  1) =     -5.66592  eV     1   --> B_2  D_4  S_4  
     e(  2 -  2) =     -5.41422  eV     1   --> A_1  D_1  S_1  
     e(  3 -  3) =     -5.11356  eV     1   --> A_1  D_1  S_1  
     e(  4 -  4) =     -5.09697  eV     1   --> B_1  D_3  S_3  
     e(  5 -  5) =     -5.09344  eV     1   --> A_2  D_2  S_2  
     e(  6 -  6) =      4.97840  eV     1   --> A_1  D_1  S_1  
     e(  7 -  7) =      8.43428  eV     1   --> B_1  D_3  S_3  
     e(  8 -  8) =     13.69953  eV     1   --> B_2  D_4  S_4  
     e(  9 -  9) =     13.70729  eV     1   --> A_1  D_1  S_1  
     e( 10 - 10) =     17.43349  eV     1   --> A_1  D_1  S_1  

 **************************************************************************

 **************************************************************************

                    xk=(  -1.00000,   0.07500,   0.00000  )

     Band symmetry, C_2v (mm2)  point group:

     e(  1 -  1) =     -5.66423  eV     1   --> B_2  D_4  S_4  
     e(  2 -  2) =     -5.41294  eV     1   --> A_1  D_1  S_1  
     e(  3 -  3) =     -5.11572  eV     1   --> A_1  D_1  S_1  
     e(  4 -  4) =     -5.10165  eV     1   --> B_1  D_3  S_3  
     e(  5 -  5) =     -5.09387  eV     1   --> A_2  D_2  S_2  
     e(  6 -  6) =      4.98002  eV     1   --> A_1  D_1  S_1  
     e(  7 -  7) =      8.44851  eV     1   --> B_1  D_3  S_3  
     e(  8 -  8) =     13.64646  eV     1   --> B_2  D_4  S_4  
     e(  9 -  9) =     13.65914  eV     1   --> A_1  D_1  S_1  
     e( 10 - 10) =     17.51286  eV     1   --> A_1  D_1  S_1  

 **************************************************************************

 **************************************************************************

                    xk=(  -1.00000,   0.08750,   0.00000  )

     Band symmetry, C_2v (mm2)  point group:

     e(  1 -  1) =     -5.66210  eV     1   --> B_2  D_4  S_4  
     e(  2 -  2) =     -5.39222  eV     1   --> A_1  D_1  S_1  
     e(  3 -  3) =     -5.11566  eV     1   --> A_1  D_1  S_1  
     e(  4 -  4) =     -5.09423  eV     1   --> A_2  D_2  S_2  
     e(  5 -  5) =     -5.07592  eV     1   --> B_1  D_3  S_3  
     e(  6 -  6) =      4.98264  eV     1   --> A_1  D_1  S_1  
     e(  7 -  7) =      8.46537  eV     1   --> B_1  D_3  S_3  
     e(  8 -  8) =     13.58557  eV     1   --> B_2  D_4  S_4  
     e(  9 -  9) =     13.60537  eV     1   --> A_1  D_1  S_1  
     e( 10 - 10) =     17.60708  eV     1   --> A_1  D_1  S_1  

 **************************************************************************

 **************************************************************************

                    xk=(  -1.00000,   0.10000,   0.00000  )

     Band symmetry, C_2v (mm2)  point group:

     e(  1 -  1) =     -5.65950  eV     1   --> B_2  D_4  S_4  
     e(  2 -  2) =     -5.39068  eV     1   --> A_1  D_1  S_1  
     e(  3 -  3) =     -5.11793  eV     1   --> A_1  D_1  S_1  
     e(  4 -  4) =     -5.09454  eV     1   --> A_2  D_2  S_2  
     e(  5 -  5) =     -5.08144  eV     1   --> B_1  D_3  S_3  
     e(  6 -  6) =      4.98478  eV     1   --> A_1  D_1  S_1  
     e(  7 -  7) =      8.48474  eV     1   --> B_1  D_3  S_3  
     e(  8 -  8) =     13.51762  eV     1   --> B_2  D_4  S_4  
     e(  9 -  9) =     13.54633  eV     1   --> A_1  D_1  S_1  
     e( 10 - 10) =     17.70866  eV     1   --> A_1  D_1  S_1  

 **************************************************************************

 **************************************************************************

                    xk=(  -1.00000,   0.11250,   0.00000  )

     Band symmetry, C_2v (mm2)  point group:

     e(  1 -  1) =     -5.65646  eV     1   --> B_2  D_4  S_4  
     e(  2 -  2) =     -5.38886  eV     1   --> A_1  D_1  S_1  
     e(  3 -  3) =     -5.12022  eV     1   --> A_1  D_1  S_1  
     e(  4 -  4) =     -5.09479  eV     1   --> A_2  D_2  S_2  
     e(  5 -  5) =     -5.08723  eV     1   --> B_1  D_3  S_3  
     e(  6 -  6) =      4.98717  eV     1   --> A_1  D_1  S_1  
     e(  7 -  7) =      8.50667  eV     1   --> B_1  D_3  S_3  
     e(  8 -  8) =     13.44332  eV     1   --> B_2  D_4  S_4  
     e(  9 -  9) =     13.48326  eV     1   --> A_1  D_1  S_1  
     e( 10 - 10) =     17.81995  eV     1   --> A_1  D_1  S_1  

 **************************************************************************

 **************************************************************************

                    xk=(  -1.00000,   0.12500,   0.00000  )

     Band symmetry, C_2v (mm2)  point group:

     e(  1 -  1) =     -5.65298  eV     1   --> B_2  D_4  S_4  
     e(  2 -  2) =     -5.38677  eV     1   --> A_1  D_1  S_1  
     e(  3 -  3) =     -5.12252  eV     1   --> A_1  D_1  S_1  
     e(  4 -  4) =     -5.09498  eV     1   --> A_2  D_2  S_2  
     e(  5 -  5) =     -5.09330  eV     1   --> B_1  D_3  S_3  
     e(  6 -  6) =      4.98981  eV     1   --> A_1  D_1  S_1  
     e(  7 -  7) =      8.53114  eV     1   --> B_1  D_3  S_3  
     e(  8 -  8) =     13.36340  eV     1   --> B_2  D_4  S_4  
     e(  9 -  9) =     13.41704  eV     1   --> A_1  D_1  S_1  
     e( 10 - 10) =     17.94007  eV     1   --> A_1  D_1  S_1  

 **************************************************************************

 **************************************************************************

                    xk=(  -1.00000,   0.13750,   0.00000  )

     Band symmetry, C_2v (mm2)  point group:

     e(  1 -  1) =     -5.64904  eV     1   --> B_2  D_4  S_4  
     e(  2 -  2) =     -5.38442  eV     1   --> A_1  D_1  S_1  
     e(  3 -  3) =     -5.12484  eV     1   --> A_1  D_1  S_1  
     e(  4 -  4) =     -5.09962  eV     1   --> B_1  D_3  S_3  
     e(  5 -  5) =     -5.09512  eV     1   --> A_2  D_2  S_2  
     e(  6 -  6) =      4.99267  eV     1   --> A_1  D_1  S_1  
     e(  7 -  7) =      8.55813  eV     1   --> B_1  D_3  S_3  
     e(  8 -  8) =     13.27853  eV     1   --> B_2  D_4  S_4  
     e(  9 -  9) =     13.34847  eV     1   --> A_1  D_1  S_1  
     e( 10 - 10) =     18.06822  eV     1   --> A_1  D_1  S_1  

 **************************************************************************

 **************************************************************************

                    xk=(  -1.00000,   0.15000,   0.00000  )

     Band symmetry, C_2v (mm2)  point group:

     e(  1 -  1) =     -5.64467  eV     1   --> B_2  D_4  S_4  
     e(  2 -  2) =     -5.38182  eV     1   --> A_1  D_1  S_1  
     e(  3 -  3) =     -5.12715  eV     1   --> A_1  D_1  S_1  
     e(  4 -  4) =     -5.10619  eV     1   --> B_1  D_3  S_3  
     e(  5 -  5) =     -5.09519  eV     1   --> A_2  D_2  S_2  
     e(  6 -  6) =      4.99573  eV     1   --> A_1  D_1  S_1  
     e(  7 -  7) =      8.58763  eV     1   --> B_1  D_3  S_3  
     e(  8 -  8) =     13.18937  eV     1   --> B_2  D_4  S_4  
     e(  9 -  9) =     13.27828  eV     1   --> A_1  D_1  S_1  
     e( 10 - 10) =     18.20365  eV     1   --> A_1  D_1  S_1  

 **************************************************************************

 **************************************************************************

                    xk=(  -1.00000,   0.16250,   0.00000  )

     Band symmetry, C_2v (mm2)  point group:

     e(  1 -  1) =     -5.63986  eV     1   --> B_2  D_4  S_4  
     e(  2 -  2) =     -5.37899  eV     1   --> A_1  D_1  S_1  
     e(  3 -  3) =     -5.12946  eV     1   --> A_1  D_1  S_1  
     e(  4 -  4) =     -5.11301  eV     1   --> B_1  D_3  S_3  
     e(  5 -  5) =     -5.09521  eV     1   --> A_2  D_2  S_2  
     e(  6 -  6) =      4.99900  eV     1   --> A_1  D_1  S_1  
     e(  7 -  7) =      8.61963  eV     1   --> B_1  D_3  S_3  
     e(  8 -  8) =     13.09650  eV     1   --> B_2  D_4  S_4  
     e(  9 -  9) =     13.20711  eV     1   --> A_1  D_1  S_1  
     e( 10 - 10) =     18.34573  eV     1   --> A_1  D_1  S_1  

 **************************************************************************

 **************************************************************************

                    xk=(  -1.00000,   0.17500,   0.00000  )

     Band symmetry, C_2v (mm2)  point group:

     e(  1 -  1) =     -5.62517  eV     1   --> B_2  D_4  S_4  
     e(  2 -  2) =     -5.47041  eV     1   --> A_1  D_1  S_1  
     e(  3 -  3) =     -5.15611  eV     1   --> A_1  D_1  S_1  
     e(  4 -  4) =     -5.11555  eV     1   --> B_1  D_3  S_3  
     e(  5 -  5) =     -5.09238  eV     1   --> A_2  D_2  S_2  
     e(  6 -  6) =      5.00006  eV     1   --> A_1  D_1  S_1  
     e(  7 -  7) =      8.65416  eV     1   --> B_1  D_3  S_3  
     e(  8 -  8) =     13.00080  eV     1   --> B_2  D_4  S_4  
     e(  9 -  9) =     13.13150  eV     1   --> A_1  D_1  S_1  
     e( 10 - 10) =     18.48001  eV     1   --> A_1  D_1  S_1  

 **************************************************************************

 **************************************************************************

                    xk=(  -1.00000,   0.18750,   0.00000  )

     Band symmetry, C_2v (mm2)  point group:

     e(  1 -  1) =     -5.61938  eV     1   --> B_2  D_4  S_4  
     e(  2 -  2) =     -5.46762  eV     1   --> A_1  D_1  S_1  
     e(  3 -  3) =     -5.15862  eV     1   --> A_1  D_1  S_1  
     e(  4 -  4) =     -5.12267  eV     1   --> B_1  D_3  S_3  
     e(  5 -  5) =     -5.09301  eV     1   --> A_2  D_2  S_2  
     e(  6 -  6) =      5.00372  eV     1   --> A_1  D_1  S_1  
     e(  7 -  7) =      8.69112  eV     1   --> B_1  D_3  S_3  
     e(  8 -  8) =     12.90212  eV     1   --> B_2  D_4  S_4  
     e(  9 -  9) =     13.05969  eV     1   --> A_1  D_1  S_1  
     e( 10 - 10) =     18.63396  eV     1   --> A_1  D_1  S_1  

 **************************************************************************

 **************************************************************************

                    xk=(  -1.00000,   0.20000,   0.00000  )

     Band symmetry, C_2v (mm2)  point group:

     e(  1 -  1) =     -5.61317  eV     1   --> B_2  D_4  S_4  
     e(  2 -  2) =     -5.46465  eV     1   --> A_1  D_1  S_1  
     e(  3 -  3) =     -5.16107  eV     1   --> A_1  D_1  S_1  
     e(  4 -  4) =     -5.13000  eV     1   --> B_1  D_3  S_3  
     e(  5 -  5) =     -5.09359  eV     1   --> A_2  D_2  S_2  
     e(  6 -  6) =      5.00751  eV     1   --> A_1  D_1  S_1  
     e(  7 -  7) =      8.73052  eV     1   --> B_1  D_3  S_3  
     e(  8 -  8) =     12.80121  eV     1   --> B_2  D_4  S_4  
     e(  9 -  9) =     12.98841  eV     1   --> A_1  D_1  S_1  
     e( 10 - 10) =     18.79299  eV     1   --> A_1  D_1  S_1  

 **************************************************************************

 **************************************************************************

                    xk=(  -1.00000,   0.21250,   0.00000  )

     Band symmetry, C_2v (mm2)  point group:

     e(  1 -  1) =     -5.62418  eV     1   --> B_2  D_4  S_4  
     e(  2 -  2) =     -5.48198  eV     1   --> A_1  D_1  S_1  
     e(  3 -  3) =     -5.22859  eV     1   --> A_1  D_1  S_1  
     e(  4 -  4) =     -5.14215  eV     1   --> B_1  D_3  S_3  
     e(  5 -  5) =     -5.09441  eV     1   --> A_2  D_2  S_2  
     e(  6 -  6) =      5.01125  eV     1   --> A_1  D_1  S_1  
     e(  7 -  7) =      8.77230  eV     1   --> B_1  D_3  S_3  
     e(  8 -  8) =     12.69782  eV     1   --> B_2  D_4  S_4  
     e(  9 -  9) =     12.91781  eV     1   --> A_1  D_1  S_1  
     e( 10 - 10) =     18.95184  eV     1   --> A_1  D_1  S_1  

 **************************************************************************

 **************************************************************************

                    xk=(  -1.00000,   0.22500,   0.00000  )

     Band symmetry, C_2v (mm2)  point group:

     e(  1 -  1) =     -5.61761  eV     1   --> B_2  D_4  S_4  
     e(  2 -  2) =     -5.47851  eV     1   --> A_1  D_1  S_1  
     e(  3 -  3) =     -5.23294  eV     1   --> A_1  D_1  S_1  
     e(  4 -  4) =     -5.14998  eV     1   --> B_1  D_3  S_3  
     e(  5 -  5) =     -5.09487  eV     1   --> A_2  D_2  S_2  
     e(  6 -  6) =      5.01526  eV     1   --> A_1  D_1  S_1  
     e(  7 -  7) =      8.81653  eV     1   --> B_1  D_3  S_3  
     e(  8 -  8) =     12.59357  eV     1   --> B_2  D_4  S_4  
     e(  9 -  9) =     12.84872  eV     1   --> A_1  D_1  S_1  
     e( 10 - 10) =     19.11975  eV     1   --> A_1  D_1  S_1  

 **************************************************************************

 **************************************************************************

                    xk=(  -1.00000,   0.23750,   0.00000  )

     Band symmetry, C_2v (mm2)  point group:

     e(  1 -  1) =     -5.61064  eV     1   --> B_2  D_4  S_4  
     e(  2 -  2) =     -5.47482  eV     1   --> A_1  D_1  S_1  
     e(  3 -  3) =     -5.23731  eV     1   --> A_1  D_1  S_1  
     e(  4 -  4) =     -5.15799  eV     1   --> B_1  D_3  S_3  
     e(  5 -  5) =     -5.09526  eV     1   --> A_2  D_2  S_2  
     e(  6 -  6) =      5.01933  eV     1   --> A_1  D_1  S_1  
     e(  7 -  7) =      8.86314  eV     1   --> B_1  D_3  S_3  
     e(  8 -  8) =     12.48817  eV     1   --> B_2  D_4  S_4  
     e(  9 -  9) =     12.78118  eV     1   --> A_1  D_1  S_1  
     e( 10 - 10) =     19.29163  eV     1   --> A_1  D_1  S_1  

 **************************************************************************

 **************************************************************************

                    xk=(  -1.00000,   0.25000,   0.00000  )

     Band symmetry, C_2v (mm2)  point group:

     e(  1 -  1) =     -5.60329  eV     1   --> B_2  D_4  S_4  
     e(  2 -  2) =     -5.47091  eV     1   --> A_1  D_1  S_1  
     e(  3 -  3) =     -5.24168  eV     1   --> A_1  D_1  S_1  
     e(  4 -  4) =     -5.16615  eV     1   --> B_1  D_3  S_3  
     e(  5 -  5) =     -5.09560  eV     1   --> A_2  D_2  S_2  
     e(  6 -  6) =      5.02344  eV     1   --> A_1  D_1  S_1  
     e(  7 -  7) =      8.91212  eV     1   --> B_1  D_3  S_3  
     e(  8 -  8) =     12.38192  eV     1   --> B_2  D_4  S_4  
     e(  9 -  9) =     12.71547  eV     1   --> A_1  D_1  S_1  
     e( 10 - 10) =     19.46716  eV     1   --> A_1  D_1  S_1  

 **************************************************************************

 **************************************************************************

                    xk=(  -1.00000,   0.26250,   0.00000  )

     Band symmetry, C_2v (mm2)  point group:

     e(  1 -  1) =     -5.56089  eV     1   --> B_2  D_4  S_4  
     e(  2 -  2) =     -5.45208  eV     1   --> A_1  D_1  S_1  
     e(  3 -  3) =     -5.20690  eV     1   --> A_1  D_1  S_1  
     e(  4 -  4) =     -5.15875  eV     1   --> B_1  D_3  S_3  
     e(  5 -  5) =     -5.09311  eV     1   --> A_2  D_2  S_2  
     e(  6 -  6) =      5.02765  eV     1   --> A_1  D_1  S_1  
     e(  7 -  7) =      8.96367  eV     1   --> B_1  D_3  S_3  
     e(  8 -  8) =     12.27672  eV     1   --> B_2  D_4  S_4  
     e(  9 -  9) =     12.65208  eV     1   --> A_1  D_1  S_1  
     e( 10 - 10) =     19.64875  eV     1   --> A_1  D_1  S_1  

 **************************************************************************

 **************************************************************************

                    xk=(  -1.00000,   0.27500,   0.00000  )

     Band symmetry, C_2v (mm2)  point group:

     e(  1 -  1) =     -5.55356  eV     1   --> B_2  D_4  S_4  
     e(  2 -  2) =     -5.44858  eV     1   --> A_1  D_1  S_1  
     e(  3 -  3) =     -5.21144  eV     1   --> A_1  D_1  S_1  
     e(  4 -  4) =     -5.16758  eV     1   --> B_1  D_3  S_3  
     e(  5 -  5) =     -5.09340  eV     1   --> A_2  D_2  S_2  
     e(  6 -  6) =      5.03177  eV     1   --> A_1  D_1  S_1  
     e(  7 -  7) =      9.01731  eV     1   --> B_1  D_3  S_3  
     e(  8 -  8) =     12.16949  eV     1   --> B_2  D_4  S_4  
     e(  9 -  9) =     12.59068  eV     1   --> A_1  D_1  S_1  
     e( 10 - 10) =     19.83063  eV     1   --> A_1  D_1  S_1  

 **************************************************************************

 **************************************************************************

                    xk=(  -1.00000,   0.28750,   0.00000  )

     Band symmetry, C_2v (mm2)  point group:

     e(  1 -  1) =     -5.54584  eV     1   --> B_2  D_4  S_4  
     e(  2 -  2) =     -5.44497  eV     1   --> A_1  D_1  S_1  
     e(  3 -  3) =     -5.21590  eV     1   --> A_1  D_1  S_1  
     e(  4 -  4) =     -5.17652  eV     1   --> B_1  D_3  S_3  
     e(  5 -  5) =     -5.09363  eV     1   --> A_2  D_2  S_2  
     e(  6 -  6) =      5.03586  eV     1   --> A_1  D_1  S_1  
     e(  7 -  7) =      9.07324  eV     1   --> B_1  D_3  S_3  
     e(  8 -  8) =     12.06210  eV     1   --> B_2  D_4  S_4  
     e(  9 -  9) =     12.53173  eV     1   --> A_1  D_1  S_1  
     e( 10 - 10) =     20.01530  eV     1   --> A_1  D_1  S_1  

 **************************************************************************

 **************************************************************************

                    xk=(  -1.00000,   0.30000,   0.00000  )

     Band symmetry, C_2v (mm2)  point group:

     e(  1 -  1) =     -5.53775  eV     1   --> B_2  D_4  S_4  
     e(  2 -  2) =     -5.44126  eV     1   --> A_1  D_1  S_1  
     e(  3 -  3) =     -5.22024  eV     1   --> A_1  D_1  S_1  
     e(  4 -  4) =     -5.18555  eV     1   --> B_1  D_3  S_3  
     e(  5 -  5) =     -5.09379  eV     1   --> A_2  D_2  S_2  
     e(  6 -  6) =      5.03989  eV     1   --> A_1  D_1  S_1  
     e(  7 -  7) =      9.13143  eV     1   --> B_1  D_3  S_3  
     e(  8 -  8) =     11.95473  eV     1   --> B_2  D_4  S_4  
     e(  9 -  9) =     12.47541  eV     1   --> A_1  D_1  S_1  
     e( 10 - 10) =     20.20247  eV     1   --> A_1  D_1  S_1  

 **************************************************************************

 **************************************************************************

                    xk=(  -1.00000,   0.31250,   0.00000  )

     Band symmetry, C_2v (mm2)  point group:

     e(  1 -  1) =     -5.52930  eV     1   --> B_2  D_4  S_4  
     e(  2 -  2) =     -5.43749  eV     1   --> A_1  D_1  S_1  
     e(  3 -  3) =     -5.22445  eV     1   --> A_1  D_1  S_1  
     e(  4 -  4) =     -5.19467  eV     1   --> B_1  D_3  S_3  
     e(  5 -  5) =     -5.09389  eV     1   --> A_2  D_2  S_2  
     e(  6 -  6) =      5.04384  eV     1   --> A_1  D_1  S_1  
     e(  7 -  7) =      9.19186  eV     1   --> B_1  D_3  S_3  
     e(  8 -  8) =     11.84756  eV     1   --> B_2  D_4  S_4  
     e(  9 -  9) =     12.42185  eV     1   --> A_1  D_1  S_1  
     e( 10 - 10) =     20.39182  eV     1   --> A_1  D_1  S_1  

 **************************************************************************

 **************************************************************************

                    xk=(  -1.00000,   0.32500,   0.00000  )

     Band symmetry, C_2v (mm2)  point group:

     e(  1 -  1) =     -5.52050  eV     1   --> B_2  D_4  S_4  
     e(  2 -  2) =     -5.43367  eV     1   --> A_1  D_1  S_1  
     e(  3 -  3) =     -5.22850  eV     1   --> A_1  D_1  S_1  
     e(  4 -  4) =     -5.20385  eV     1   --> B_1  D_3  S_3  
     e(  5 -  5) =     -5.09393  eV     1   --> A_2  D_2  S_2  
     e(  6 -  6) =      5.04767  eV     1   --> A_1  D_1  S_1  
     e(  7 -  7) =      9.25449  eV     1   --> B_1  D_3  S_3  
     e(  8 -  8) =     11.74074  eV     1   --> B_2  D_4  S_4  
     e(  9 -  9) =     12.37120  eV     1   --> A_1  D_1  S_1  
     e( 10 - 10) =     20.58304  eV     1   --> A_1  D_1  S_1  

 **************************************************************************

 **************************************************************************

                    xk=(  -1.00000,   0.33750,   0.00000  )

     Band symmetry, C_2v (mm2)  point group:

     e(  1 -  1) =     -5.51136  eV     1   --> B_2  D_4  S_4  
     e(  2 -  2) =     -5.42986  eV     1   --> A_1  D_1  S_1  
     e(  3 -  3) =     -5.23236  eV     1   --> A_1  D_1  S_1  
     e(  4 -  4) =     -5.21309  eV     1   --> B_1  D_3  S_3  
     e(  5 -  5) =     -5.09391  eV     1   --> A_2  D_2  S_2  
     e(  6 -  6) =      5.05137  eV     1   --> A_1  D_1  S_1  
     e(  7 -  7) =      9.31930  eV     1   --> B_1  D_3  S_3  
     e(  8 -  8) =     11.63441  eV     1   --> B_2  D_4  S_4  
     e(  9 -  9) =     12.32357  eV     1   --> A_1  D_1  S_1  
     e( 10 - 10) =     20.77572  eV     1   --> A_1  D_1  S_1  

 **************************************************************************

 **************************************************************************

                    xk=(  -1.00000,   0.35000,   0.00000  )

     Band symmetry, C_2v (mm2)  point group:

     e(  1 -  1) =     -5.50188  eV     1   --> B_2  D_4  S_4  
     e(  2 -  2) =     -5.42608  eV     1   --> A_1  D_1  S_1  
     e(  3 -  3) =     -5.23599  eV     1   --> A_1  D_1  S_1  
     e(  4 -  4) =     -5.22237  eV     1   --> B_1  D_3  S_3  
     e(  5 -  5) =     -5.09382  eV     1   --> A_2  D_2  S_2  
     e(  6 -  6) =      5.05491  eV     1   --> A_1  D_1  S_1  
     e(  7 -  7) =      9.38625  eV     1   --> B_1  D_3  S_3  
     e(  8 -  8) =     11.52870  eV     1   --> B_2  D_4  S_4  
     e(  9 -  9) =     12.27907  eV     1   --> A_1  D_1  S_1  
     e( 10 - 10) =     20.96943  eV     1   --> A_1  D_1  S_1  

 **************************************************************************

 **************************************************************************

                    xk=(  -1.00000,   0.36250,   0.00000  )

     Band symmetry, C_2v (mm2)  point group:

     e(  1 -  1) =     -5.49007  eV     1   --> B_2  D_4  S_4  
     e(  2 -  2) =     -5.40730  eV     1   --> A_1  D_1  S_1  
     e(  3 -  3) =     -5.23056  eV     1   --> A_1  D_1  S_1  
     e(  4 -  4) =     -5.15861  eV     1   --> B_1  D_3  S_3  
     e(  5 -  5) =     -5.09103  eV     1   --> A_2  D_2  S_2  
     e(  6 -  6) =      5.05845  eV     1   --> A_1  D_1  S_1  
     e(  7 -  7) =      9.45720  eV     1   --> B_1  D_3  S_3  
     e(  8 -  8) =     11.42382  eV     1   --> B_2  D_4  S_4  
     e(  9 -  9) =     12.23930  eV     1   --> A_1  D_1  S_1  
     e( 10 - 10) =     21.16451  eV     1   --> A_1  D_1  S_1  

 **************************************************************************

 **************************************************************************

                    xk=(  -1.00000,   0.37500,   0.00000  )

     Band symmetry, C_2v (mm2)  point group:

     e(  1 -  1) =     -5.47999  eV     1   --> B_2  D_4  S_4  
     e(  2 -  2) =     -5.40346  eV     1   --> A_1  D_1  S_1  
     e(  3 -  3) =     -5.23426  eV     1   --> A_1  D_1  S_1  
     e(  4 -  4) =     -5.16910  eV     1   --> B_1  D_3  S_3  
     e(  5 -  5) =     -5.09087  eV     1   --> A_2  D_2  S_2  
     e(  6 -  6) =      5.06158  eV     1   --> A_1  D_1  S_1  
     e(  7 -  7) =      9.52842  eV     1   --> B_1  D_3  S_3  
     e(  8 -  8) =     11.31968  eV     1   --> B_2  D_4  S_4  
     e(  9 -  9) =     12.20136  eV     1   --> A_1  D_1  S_1  
     e( 10 - 10) =     21.35849  eV     1   --> A_1  D_1  S_1  

 **************************************************************************

 **************************************************************************

                    xk=(  -1.00000,   0.38750,   0.00000  )

     Band symmetry, C_2v (mm2)  point group:

     e(  1 -  1) =     -5.42331  eV     1   --> B_2  D_4  S_4  
     e(  2 -  2) =     -5.39355  eV     1   --> A_1  D_1  S_1  
     e(  3 -  3) =     -5.20902  eV     1   --> A_1  D_1  S_1  
     e(  4 -  4) =     -5.11991  eV     1   --> B_1  D_3  S_3  
     e(  5 -  5) =     -5.07997  eV     1   --> A_2  D_2  S_2  
     e(  6 -  6) =      5.06448  eV     1   --> A_1  D_1  S_1  
     e(  7 -  7) =      9.60341  eV     1   --> B_1  D_3  S_3  
     e(  8 -  8) =     11.21872  eV     1   --> B_2  D_4  S_4  
     e(  9 -  9) =     12.16729  eV     1   --> A_1  D_1  S_1  
     e( 10 - 10) =     21.55230  eV     1   --> A_1  D_1  S_1  

 **************************************************************************

 **************************************************************************

                    xk=(  -1.00000,   0.40000,   0.00000  )

     Band symmetry, C_2v (mm2)  point group:

     e(  1 -  1) =     -5.41347  eV     1   --> B_2  D_4  S_4  
     e(  2 -  2) =     -5.39036  eV     1   --> A_1  D_1  S_1  
     e(  3 -  3) =     -5.21217  eV     1   --> A_1  D_1  S_1  
     e(  4 -  4) =     -5.13156  eV     1   --> B_1  D_3  S_3  
     e(  5 -  5) =     -5.07993  eV     1   --> A_2  D_2  S_2  
     e(  6 -  6) =      5.06713  eV     1   --> A_1  D_1  S_1  
     e(  7 -  7) =      9.67873  eV     1   --> B_1  D_3  S_3  
     e(  8 -  8) =     11.11649  eV     1   --> B_2  D_4  S_4  
     e(  9 -  9) =     12.13620  eV     1   --> A_1  D_1  S_1  
     e( 10 - 10) =     21.74288  eV     1   --> A_1  D_1  S_1  

 **************************************************************************

 **************************************************************************

                    xk=(  -1.00000,   0.41250,   0.00000  )

     Band symmetry, C_2v (mm2)  point group:

     e(  1 -  1) =     -5.40334  eV     1   --> B_2  D_4  S_4  
     e(  2 -  2) =     -5.38739  eV     1   --> A_1  D_1  S_1  
     e(  3 -  3) =     -5.21491  eV     1   --> A_1  D_1  S_1  
     e(  4 -  4) =     -5.14314  eV     1   --> B_1  D_3  S_3  
     e(  5 -  5) =     -5.07982  eV     1   --> A_2  D_2  S_2  
     e(  6 -  6) =      5.06950  eV     1   --> A_1  D_1  S_1  
     e(  7 -  7) =      9.75603  eV     1   --> B_1  D_3  S_3  
     e(  8 -  8) =     11.01537  eV     1   --> B_2  D_4  S_4  
     e(  9 -  9) =     12.10864  eV     1   --> A_1  D_1  S_1  
     e( 10 - 10) =     21.92960  eV     1   --> A_1  D_1  S_1  

 **************************************************************************

 **************************************************************************

                    xk=(  -1.00000,   0.42500,   0.00000  )

     Band symmetry, C_2v (mm2)  point group:

     e(  1 -  1) =     -5.39292  eV     1   --> B_2  D_4  S_4  
     e(  2 -  2) =     -5.38470  eV     1   --> A_1  D_1  S_1  
     e(  3 -  3) =     -5.21718  eV     1   --> A_1  D_1  S_1  
     e(  4 -  4) =     -5.15463  eV     1   --> B_1  D_3  S_3  
     e(  5 -  5) =     -5.07964  eV     1   --> A_2  D_2  S_2  
     e(  6 -  6) =      5.07159  eV     1   --> A_1  D_1  S_1  
     e(  7 -  7) =      9.83526  eV     1   --> B_1  D_3  S_3  
     e(  8 -  8) =     10.91544  eV     1   --> B_2  D_4  S_4  
     e(  9 -  9) =     12.08465  eV     1   --> A_1  D_1  S_1  
     e( 10 - 10) =     22.11021  eV     1   --> A_1  D_1  S_1  

 **************************************************************************

 **************************************************************************

                    xk=(  -1.00000,   0.43750,   0.00000  )

     Band symmetry, C_2v (mm2)  point group:

     e(  1 -  2) =     -5.38234  eV     2   --> A_1  D_1  S_1  
     e(  1 -  2) =     -5.38234  eV     2   --> B_2  D_4  S_4  
     e(  3 -  3) =     -5.21893  eV     1   --> A_1  D_1  S_1  
     e(  4 -  4) =     -5.16601  eV     1   --> B_1  D_3  S_3  
     e(  5 -  5) =     -5.07940  eV     1   --> A_2  D_2  S_2  
     e(  6 -  6) =      5.07338  eV     1   --> A_1  D_1  S_1  
     e(  7 -  7) =      9.91638  eV     1   --> B_1  D_3  S_3  
     e(  8 -  8) =     10.81678  eV     1   --> B_2  D_4  S_4  
     e(  9 -  9) =     12.06429  eV     1   --> A_1  D_1  S_1  
     e( 10 - 10) =     22.28155  eV     1   --> A_1  D_1  S_1  

 **************************************************************************

 **************************************************************************

                    xk=(  -1.00000,   0.45000,   0.00000  )

     Band symmetry, C_2v (mm2)  point group:

     e(  1 -  1) =     -5.41982  eV     1   --> A_1  D_1  S_1  
     e(  2 -  2) =     -5.37484  eV     1   --> B_2  D_4  S_4  
     e(  3 -  3) =     -5.22206  eV     1   --> A_1  D_1  S_1  
     e(  4 -  4) =     -5.22188  eV     1   --> B_1  D_3  S_3  
     e(  5 -  5) =     -5.09364  eV     1   --> A_2  D_2  S_2  
     e(  6 -  6) =      5.07452  eV     1   --> A_1  D_1  S_1  
     e(  7 -  7) =      9.99778  eV     1   --> B_1  D_3  S_3  
     e(  8 -  8) =     10.71929  eV     1   --> B_2  D_4  S_4  
     e(  9 -  9) =     12.04437  eV     1   --> A_1  D_1  S_1  
     e( 10 - 10) =     22.43536  eV     1   --> A_1  D_1  S_1  

 **************************************************************************

 **************************************************************************

                    xk=(  -1.00000,   0.46250,   0.00000  )

     Band symmetry, C_2v (mm2)  point group:

     e(  1 -  1) =     -5.43197  eV     1   --> A_1  D_1  S_1  
     e(  2 -  2) =     -5.37726  eV     1   --> B_2  D_4  S_4  
     e(  3 -  3) =     -5.28858  eV     1   --> B_1  D_3  S_3  
     e(  4 -  4) =     -5.22341  eV     1   --> A_1  D_1  S_1  
     e(  5 -  5) =     -5.11841  eV     1   --> A_2  D_2  S_2  
     e(  6 -  6) =      5.07555  eV     1   --> A_1  D_1  S_1  
     e(  7 -  7) =     10.08050  eV     1   --> B_1  D_3  S_3  
     e(  8 -  8) =     10.62277  eV     1   --> B_2  D_4  S_4  
     e(  9 -  9) =     12.03011  eV     1   --> A_1  D_1  S_1  
     e( 10 - 10) =     22.57188  eV     1   --> A_1  D_1  S_1  

 **************************************************************************

 **************************************************************************

                    xk=(  -1.00000,   0.47500,   0.00000  )

     Band symmetry, C_2v (mm2)  point group:

     e(  1 -  1) =     -5.43104  eV     1   --> A_1  D_1  S_1  
     e(  2 -  2) =     -5.36604  eV     1   --> B_2  D_4  S_4  
     e(  3 -  3) =     -5.31915  eV     1   --> B_1  D_3  S_3  
     e(  4 -  4) =     -5.25910  eV     1   --> A_1  D_1  S_1  
     e(  5 -  5) =     -5.11856  eV     1   --> A_2  D_2  S_2  
     e(  6 -  6) =      5.07639  eV     1   --> A_1  D_1  S_1  
     e(  7 -  7) =     10.16618  eV     1   --> B_1  D_3  S_3  
     e(  8 -  8) =     10.52830  eV     1   --> B_2  D_4  S_4  
     e(  9 -  9) =     12.02069  eV     1   --> A_1  D_1  S_1  
     e( 10 - 10) =     22.68086  eV     1   --> A_1  D_1  S_1  

 **************************************************************************

 **************************************************************************

                    xk=(  -1.00000,   0.48750,   0.00000  )

     Band symmetry, C_2v (mm2)  point group:

     e(  1 -  1) =     -5.43045  eV     1   --> A_1  D_1  S_1  
     e(  2 -  2) =     -5.35461  eV     1   --> B_2  D_4  S_4  
     e(  3 -  3) =     -5.33115  eV     1   --> B_1  D_3  S_3  
     e(  4 -  4) =     -5.25994  eV     1   --> A_1  D_1  S_1  
     e(  5 -  5) =     -5.11865  eV     1   --> A_2  D_2  S_2  
     e(  6 -  6) =      5.07691  eV     1   --> A_1  D_1  S_1  
     e(  7 -  7) =     10.25425  eV     1   --> B_1  D_3  S_3  
     e(  8 -  8) =     10.43536  eV     1   --> B_2  D_4  S_4  
     e(  9 -  9) =     12.01507  eV     1   --> A_1  D_1  S_1  
     e( 10 - 10) =     22.75212  eV     1   --> A_1  D_1  S_1  

 **************************************************************************

 **************************************************************************

                    xk=(  -1.00000,   0.50000,   0.00000  )

     point group D_2d (-42m)
     there are  5 classes
     the character table:

       E     2S4   C2    2C2'  2s_d 
A_1    1.00  1.00  1.00  1.00  1.00
A_2    1.00  1.00  1.00 -1.00 -1.00
B_1    1.00 -1.00  1.00  1.00 -1.00
B_2    1.00 -1.00  1.00 -1.00  1.00
E      2.00  0.00 -2.00  0.00  0.00

     the symmetry operations in each class and the name of the first element:

     E        1
                                                                 
     2S4      7    8
                                                                 
     C2       2
                                                                 
     2C2'     3    4
                                                                 
     2s_d     5    6
                                                                 

     Band symmetry, D_2d (-42m) point group:

     e(  1 -  1) =     -5.43025  eV     1   --> B_2  X_3  W_2  
     e(  2 -  3) =     -5.34297  eV     2   --> E    X_5  W_3  
     e(  4 -  4) =     -5.26022  eV     1   --> A_1  X_1  W_1  
     e(  5 -  5) =     -5.11868  eV     1   --> B_1  X_2  W_1' 
     e(  6 -  6) =      5.07709  eV     1   --> A_1  X_1  W_1  
     e(  7 -  8) =     10.34399  eV     2   --> E    X_5  W_3  
     e(  9 -  9) =     12.01319  eV     1   --> B_2  X_3  W_2  
     e( 10 - 10) =     22.77702  eV     1   --> B_2  X_3  W_2  

 **************************************************************************

 **************************************************************************

                    xk=(  -0.98750,   0.50000,   0.01250  )

     point group C_2  (2)   
     there are  2 classes
     the character table:

       E     C2   
A      1.00  1.00
B      1.00 -1.00

     the symmetry operations in each class and the name of the first element:

     E        1
                                                                 
     C2       2
                                                                 

     Band symmetry, C_2  (2)    point group:

     e(  1 -  1) =     -5.43045  eV     1   --> B              
     e(  2 -  2) =     -5.34321  eV     1   --> A              
     e(  3 -  3) =     -5.34217  eV     1   --> B              
     e(  4 -  4) =     -5.26003  eV     1   --> A              
     e(  5 -  5) =     -5.11886  eV     1   --> A              
     e(  6 -  6) =      5.07297  eV     1   --> A              
     e(  7 -  7) =     10.32862  eV     1   --> B              
     e(  8 -  8) =     10.35300  eV     1   --> A              
     e(  9 -  9) =     12.03155  eV     1   --> B              
     e( 10 - 10) =     22.75666  eV     1   --> B              

 **************************************************************************

 **************************************************************************

                    xk=(  -0.97500,   0.50000,   0.02500  )

     Band symmetry, C_2  (2)    point group:

     e(  1 -  1) =     -5.38312  eV     1   --> B              
     e(  2 -  2) =     -5.33521  eV     1   --> A              
     e(  3 -  3) =     -5.26823  eV     1   --> B              
     e(  4 -  4) =     -5.23678  eV     1   --> A              
     e(  5 -  5) =     -5.06090  eV     1   --> A              
     e(  6 -  6) =      5.06132  eV     1   --> A              
     e(  7 -  7) =     10.28714  eV     1   --> B              
     e(  8 -  8) =     10.38019  eV     1   --> A              
     e(  9 -  9) =     12.08982  eV     1   --> B              
     e( 10 - 10) =     22.70353  eV     1   --> B              

 **************************************************************************

 **************************************************************************

                    xk=(  -0.96250,   0.50000,   0.03750  )

     Band symmetry, C_2  (2)    point group:

     e(  1 -  1) =     -5.36619  eV     1   --> B              
     e(  2 -  2) =     -5.33550  eV     1   --> A              
     e(  3 -  3) =     -5.25042  eV     1   --> B              
     e(  4 -  4) =     -5.22300  eV     1   --> A              
     e(  5 -  5) =     -5.06261  eV     1   --> A              
     e(  6 -  6) =      5.04144  eV     1   --> A              
     e(  7 -  7) =     10.21944  eV     1   --> B              
     e(  8 -  8) =     10.42470  eV     1   --> A              
     e(  9 -  9) =     12.17506  eV     1   --> B              
     e( 10 - 10) =     22.61933  eV     1   --> B              

 **************************************************************************

 **************************************************************************

                    xk=(  -0.95000,   0.50000,   0.05000  )

     Band symmetry, C_2  (2)    point group:

     e(  1 -  1) =     -5.36848  eV     1   --> B              
     e(  2 -  2) =     -5.31631  eV     1   --> A              
     e(  3 -  3) =     -5.22343  eV     1   --> B              
     e(  4 -  4) =     -5.22055  eV     1   --> A              
     e(  5 -  5) =     -5.06081  eV     1   --> A              
     e(  6 -  6) =      5.01421  eV     1   --> A              
     e(  7 -  7) =     10.13396  eV     1   --> B              
     e(  8 -  8) =     10.48709  eV     1   --> A              
     e(  9 -  9) =     12.28273  eV     1   --> B              
     e( 10 - 10) =     22.51358  eV     1   --> B              

 **************************************************************************

 **************************************************************************

                    xk=(  -0.93750,   0.50000,   0.06250  )

     Band symmetry, C_2  (2)    point group:

     e(  1 -  1) =     -5.37353  eV     1   --> B              
     e(  2 -  2) =     -5.31772  eV     1   --> A              
     e(  3 -  3) =     -5.22075  eV     1   --> A              
     e(  4 -  4) =     -5.21701  eV     1   --> B              
     e(  5 -  5) =     -5.06436  eV     1   --> A              
     e(  6 -  6) =      4.97998  eV     1   --> A              
     e(  7 -  7) =     10.03492  eV     1   --> B              
     e(  8 -  8) =     10.56523  eV     1   --> A              
     e(  9 -  9) =     12.40809  eV     1   --> B              
     e( 10 - 10) =     22.39494  eV     1   --> B              

 **************************************************************************

 **************************************************************************

                    xk=(  -0.92500,   0.50000,   0.07500  )

     Band symmetry, C_2  (2)    point group:

     e(  1 -  1) =     -5.39364  eV     1   --> B              
     e(  2 -  2) =     -5.28662  eV     1   --> A              
     e(  3 -  3) =     -5.19982  eV     1   --> A              
     e(  4 -  4) =     -5.19137  eV     1   --> B              
     e(  5 -  5) =     -5.07649  eV     1   --> A              
     e(  6 -  6) =      4.93993  eV     1   --> A              
     e(  7 -  7) =      9.92775  eV     1   --> B              
     e(  8 -  8) =     10.66063  eV     1   --> A              
     e(  9 -  9) =     12.54760  eV     1   --> B              
     e( 10 - 10) =     22.26813  eV     1   --> B              

 **************************************************************************

 **************************************************************************

                    xk=(  -0.91250,   0.50000,   0.08750  )

     Band symmetry, C_2  (2)    point group:

     e(  1 -  1) =     -5.39830  eV     1   --> B              
     e(  2 -  2) =     -5.28992  eV     1   --> A              
     e(  3 -  3) =     -5.20307  eV     1   --> A              
     e(  4 -  4) =     -5.18379  eV     1   --> B              
     e(  5 -  5) =     -5.07967  eV     1   --> A              
     e(  6 -  6) =      4.89434  eV     1   --> A              
     e(  7 -  7) =      9.81450  eV     1   --> B              
     e(  8 -  8) =     10.76938  eV     1   --> A              
     e(  9 -  9) =     12.69877  eV     1   --> B              
     e( 10 - 10) =     22.13885  eV     1   --> B              

 **************************************************************************

 **************************************************************************

                    xk=(  -0.90000,   0.50000,   0.10000  )

     Band symmetry, C_2  (2)    point group:

     e(  1 -  1) =     -5.41302  eV     1   --> B              
     e(  2 -  2) =     -5.30025  eV     1   --> A              
     e(  3 -  3) =     -5.21498  eV     1   --> A              
     e(  4 -  4) =     -5.20289  eV     1   --> B              
     e(  5 -  5) =     -5.08245  eV     1   --> A              
     e(  6 -  6) =      4.84397  eV     1   --> A              
     e(  7 -  7) =      9.69711  eV     1   --> B              
     e(  8 -  8) =     10.89222  eV     1   --> A              
     e(  9 -  9) =     12.85706  eV     1   --> B              
     e( 10 - 10) =     22.00724  eV     1   --> B              

 **************************************************************************

 **************************************************************************

                    xk=(  -0.88750,   0.50000,   0.11250  )

     Band symmetry, C_2  (2)    point group:

     e(  1 -  1) =     -5.41187  eV     1   --> B              
     e(  2 -  2) =     -5.30270  eV     1   --> A              
     e(  3 -  3) =     -5.19382  eV     1   --> B              
     e(  4 -  4) =     -5.19302  eV     1   --> A              
     e(  5 -  5) =     -5.06610  eV     1   --> A              
     e(  6 -  6) =      4.79009  eV     1   --> A              
     e(  7 -  7) =      9.57916  eV     1   --> B              
     e(  8 -  8) =     11.02865  eV     1   --> A              
     e(  9 -  9) =     13.02470  eV     1   --> B              
     e( 10 - 10) =     21.87803  eV     1   --> B              

 **************************************************************************

 **************************************************************************

                    xk=(  -0.87500,   0.50000,   0.12500  )

     Band symmetry, C_2  (2)    point group:

     e(  1 -  1) =     -5.44767  eV     1   --> B              
     e(  2 -  2) =     -5.32896  eV     1   --> A              
     e(  3 -  3) =     -5.25933  eV     1   --> B              
     e(  4 -  4) =     -5.20825  eV     1   --> A              
     e(  5 -  5) =     -5.08737  eV     1   --> A              
     e(  6 -  6) =      4.73264  eV     1   --> A              
     e(  7 -  7) =      9.45811  eV     1   --> B              
     e(  8 -  8) =     11.17662  eV     1   --> A              
     e(  9 -  9) =     13.19530  eV     1   --> B              
     e( 10 - 10) =     21.74720  eV     1   --> B              

 **************************************************************************

 **************************************************************************

                    xk=(  -0.86250,   0.50000,   0.13750  )

     Band symmetry, C_2  (2)    point group:

     e(  1 -  1) =     -5.45108  eV     1   --> B              
     e(  2 -  2) =     -5.33393  eV     1   --> A              
     e(  3 -  3) =     -5.25185  eV     1   --> B              
     e(  4 -  4) =     -5.21161  eV     1   --> A              
     e(  5 -  5) =     -5.09266  eV     1   --> A              
     e(  6 -  6) =      4.67333  eV     1   --> A              
     e(  7 -  7) =      9.34056  eV     1   --> B              
     e(  8 -  8) =     11.33662  eV     1   --> A              
     e(  9 -  9) =     13.37339  eV     1   --> B              
     e( 10 - 10) =     21.62194  eV     1   --> B              

 **************************************************************************

 **************************************************************************

                    xk=(  -0.85000,   0.50000,   0.15000  )

     Band symmetry, C_2  (2)    point group:

     e(  1 -  1) =     -5.45397  eV     1   --> B              
     e(  2 -  2) =     -5.33891  eV     1   --> A              
     e(  3 -  3) =     -5.24393  eV     1   --> B              
     e(  4 -  4) =     -5.21582  eV     1   --> A              
     e(  5 -  5) =     -5.09716  eV     1   --> A              
     e(  6 -  6) =      4.61238  eV     1   --> A              
     e(  7 -  7) =      9.22438  eV     1   --> B              
     e(  8 -  8) =     11.50736  eV     1   --> A              
     e(  9 -  9) =     13.55551  eV     1   --> B              
     e( 10 - 10) =     21.50011  eV     1   --> B              

 **************************************************************************

 **************************************************************************

                    xk=(  -0.83750,   0.50000,   0.16250  )

     Band symmetry, C_2  (2)    point group:

     e(  1 -  1) =     -5.45731  eV     1   --> B              
     e(  2 -  2) =     -5.36694  eV     1   --> A              
     e(  3 -  3) =     -5.27718  eV     1   --> B              
     e(  4 -  4) =     -5.25324  eV     1   --> A              
     e(  5 -  5) =     -5.10480  eV     1   --> A              
     e(  6 -  6) =      4.54969  eV     1   --> A              
     e(  7 -  7) =      9.10871  eV     1   --> B              
     e(  8 -  8) =     11.68605  eV     1   --> A              
     e(  9 -  9) =     13.74087  eV     1   --> B              
     e( 10 - 10) =     21.38221  eV     1   --> B              

 **************************************************************************

 **************************************************************************

                    xk=(  -0.82500,   0.50000,   0.17500  )

     Band symmetry, C_2  (2)    point group:

     e(  1 -  1) =     -5.45920  eV     1   --> B              
     e(  2 -  2) =     -5.37131  eV     1   --> A              
     e(  3 -  3) =     -5.26876  eV     1   --> B              
     e(  4 -  4) =     -5.25954  eV     1   --> A              
     e(  5 -  5) =     -5.10890  eV     1   --> A              
     e(  6 -  6) =      4.48715  eV     1   --> A              
     e(  7 -  7) =      8.99682  eV     1   --> B              
     e(  8 -  8) =     11.87606  eV     1   --> A              
     e(  9 -  9) =     13.92910  eV     1   --> B              
     e( 10 - 10) =     21.26896  eV     1   --> B              

 **************************************************************************

 **************************************************************************

                    xk=(  -0.81250,   0.50000,   0.18750  )

     Band symmetry, C_2  (2)    point group:

     e(  1 -  1) =     -5.46060  eV     1   --> B              
     e(  2 -  2) =     -5.37564  eV     1   --> A              
     e(  3 -  3) =     -5.26645  eV     1   --> A              
     e(  4 -  4) =     -5.25998  eV     1   --> B              
     e(  5 -  5) =     -5.11232  eV     1   --> A              
     e(  6 -  6) =      4.42462  eV     1   --> A              
     e(  7 -  7) =      8.88761  eV     1   --> B              
     e(  8 -  8) =     12.07471  eV     1   --> A              
     e(  9 -  9) =     14.11954  eV     1   --> B              
     e( 10 - 10) =     21.16072  eV     1   --> B              

 **************************************************************************

 **************************************************************************

                    xk=(  -0.80000,   0.50000,   0.20000  )

     Band symmetry, C_2  (2)    point group:

     e(  1 -  1) =     -5.46144  eV     1   --> B              
     e(  2 -  2) =     -5.37962  eV     1   --> A              
     e(  3 -  3) =     -5.24923  eV     1   --> B              
     e(  4 -  4) =     -5.24403  eV     1   --> A              
     e(  5 -  5) =     -5.09656  eV     1   --> A              
     e(  6 -  6) =      4.36254  eV     1   --> A              
     e(  7 -  7) =      8.78138  eV     1   --> B              
     e(  8 -  8) =     12.28221  eV     1   --> A              
     e(  9 -  9) =     14.31169  eV     1   --> B              
     e( 10 - 10) =     21.05798  eV     1   --> B              

 **************************************************************************

 **************************************************************************

                    xk=(  -0.78750,   0.50000,   0.21250  )

     Band symmetry, C_2  (2)    point group:

     e(  1 -  1) =     -5.46192  eV     1   --> B              
     e(  2 -  2) =     -5.38383  eV     1   --> A              
     e(  3 -  3) =     -5.25094  eV     1   --> A              
     e(  4 -  4) =     -5.23989  eV     1   --> B              
     e(  5 -  5) =     -5.10131  eV     1   --> A              
     e(  6 -  6) =      4.30130  eV     1   --> A              
     e(  7 -  7) =      8.67828  eV     1   --> B              
     e(  8 -  8) =     12.49638  eV     1   --> A              
     e(  9 -  9) =     14.50498  eV     1   --> B              
     e( 10 - 10) =     20.96116  eV     1   --> B              

 **************************************************************************

 **************************************************************************

                    xk=(  -0.77500,   0.50000,   0.22500  )

     Band symmetry, C_2  (2)    point group:

     e(  1 -  1) =     -5.46197  eV     1   --> B              
     e(  2 -  2) =     -5.38794  eV     1   --> A              
     e(  3 -  3) =     -5.25854  eV     1   --> A              
     e(  4 -  4) =     -5.23027  eV     1   --> B              
     e(  5 -  5) =     -5.10512  eV     1   --> A              
     e(  6 -  6) =      4.24123  eV     1   --> A              
     e(  7 -  7) =      8.57854  eV     1   --> B              
     e(  8 -  8) =     12.71744  eV     1   --> A              
     e(  9 -  9) =     14.69890  eV     1   --> B              
     e( 10 - 10) =     20.87074  eV     1   --> B              

 **************************************************************************

 **************************************************************************

                    xk=(  -0.76250,   0.50000,   0.23750  )

     Band symmetry, C_2  (2)    point group:

     e(  1 -  1) =     -5.46161  eV     1   --> B              
     e(  2 -  2) =     -5.39193  eV     1   --> A              
     e(  3 -  3) =     -5.26671  eV     1   --> A              
     e(  4 -  4) =     -5.22042  eV     1   --> B              
     e(  5 -  5) =     -5.10805  eV     1   --> A              
     e(  6 -  6) =      4.18262  eV     1   --> A              
     e(  7 -  7) =      8.48235  eV     1   --> B              
     e(  8 -  8) =     12.94484  eV     1   --> A              
     e(  9 -  9) =     14.89287  eV     1   --> B              
     e( 10 - 10) =     20.78721  eV     1   --> B              

 **************************************************************************

 **************************************************************************

                    xk=(  -0.75000,   0.50000,   0.25000  )

     Band symmetry, C_2  (2)    point group:

     e(  1 -  1) =     -5.44186  eV     1   --> B              
     e(  2 -  2) =     -5.39467  eV     1   --> A              
     e(  3 -  3) =     -5.26932  eV     1   --> A              
     e(  4 -  4) =     -5.19556  eV     1   --> B              
     e(  5 -  5) =     -5.09883  eV     1   --> A              
     e(  6 -  6) =      4.12576  eV     1   --> A              
     e(  7 -  7) =      8.39008  eV     1   --> B              
     e(  8 -  8) =     13.17848  eV     1   --> A              
     e(  9 -  9) =     15.08701  eV     1   --> B              
     e( 10 - 10) =     20.71295  eV     1   --> B              

 **************************************************************************

 **************************************************************************

                    xk=(  -0.73750,   0.50000,   0.26250  )

     Band symmetry, C_2  (2)    point group:

     e(  1 -  1) =     -5.44123  eV     1   --> B              
     e(  2 -  2) =     -5.40034  eV     1   --> A              
     e(  3 -  3) =     -5.29688  eV     1   --> A              
     e(  4 -  4) =     -5.20745  eV     1   --> B              
     e(  5 -  5) =     -5.11142  eV     1   --> A              
     e(  6 -  6) =      4.07081  eV     1   --> A              
     e(  7 -  7) =      8.30093  eV     1   --> B              
     e(  8 -  8) =     13.41649  eV     1   --> A              
     e(  9 -  9) =     15.27906  eV     1   --> B              
     e( 10 - 10) =     20.64477  eV     1   --> B              

 **************************************************************************

 **************************************************************************

                    xk=(  -0.72500,   0.50000,   0.27500  )

     Band symmetry, C_2  (2)    point group:

     e(  1 -  1) =     -5.44129  eV     1   --> B              
     e(  2 -  2) =     -5.41977  eV     1   --> A              
     e(  3 -  3) =     -5.30838  eV     1   --> A              
     e(  4 -  4) =     -5.23239  eV     1   --> B              
     e(  5 -  5) =     -5.11351  eV     1   --> A              
     e(  6 -  6) =      4.01734  eV     1   --> A              
     e(  7 -  7) =      8.21551  eV     1   --> B              
     e(  8 -  8) =     13.65935  eV     1   --> A              
     e(  9 -  9) =     15.46893  eV     1   --> B              
     e( 10 - 10) =     20.58521  eV     1   --> B              

 **************************************************************************

 **************************************************************************

                    xk=(  -0.71250,   0.50000,   0.28750  )

     Band symmetry, C_2  (2)    point group:

     e(  1 -  1) =     -5.43988  eV     1   --> B              
     e(  2 -  2) =     -5.42342  eV     1   --> A              
     e(  3 -  3) =     -5.31849  eV     1   --> A              
     e(  4 -  4) =     -5.22381  eV     1   --> B              
     e(  5 -  5) =     -5.11412  eV     1   --> A              
     e(  6 -  6) =      3.96677  eV     1   --> A              
     e(  7 -  7) =      8.13484  eV     1   --> B              
     e(  8 -  8) =     13.90684  eV     1   --> A              
     e(  9 -  9) =     15.65611  eV     1   --> B              
     e( 10 - 10) =     20.53503  eV     1   --> B              

 **************************************************************************

 **************************************************************************

                    xk=(  -0.70000,   0.50000,   0.30000  )

     Band symmetry, C_2  (2)    point group:

     e(  1 -  1) =     -5.44346  eV     1   --> B              
     e(  2 -  2) =     -5.42687  eV     1   --> A              
     e(  3 -  3) =     -5.32894  eV     1   --> A              
     e(  4 -  4) =     -5.21646  eV     1   --> B              
     e(  5 -  5) =     -5.16124  eV     1   --> A              
     e(  6 -  6) =      3.91847  eV     1   --> A              
     e(  7 -  7) =      8.05825  eV     1   --> B              
     e(  8 -  8) =     14.15795  eV     1   --> A              
     e(  9 -  9) =     15.83911  eV     1   --> B              
     e( 10 - 10) =     20.49455  eV     1   --> B              

 **************************************************************************

 **************************************************************************

                    xk=(  -0.68750,   0.50000,   0.31250  )

     Band symmetry, C_2  (2)    point group:

     e(  1 -  1) =     -5.43822  eV     1   --> B              
     e(  2 -  2) =     -5.41776  eV     1   --> A              
     e(  3 -  3) =     -5.33846  eV     1   --> A              
     e(  4 -  4) =     -5.17170  eV     1   --> B              
     e(  5 -  5) =     -5.16070  eV     1   --> A              
     e(  6 -  6) =      3.87330  eV     1   --> A              
     e(  7 -  7) =      7.98641  eV     1   --> B              
     e(  8 -  8) =     14.41212  eV     1   --> A              
     e(  9 -  9) =     16.01785  eV     1   --> B              
     e( 10 - 10) =     20.46565  eV     1   --> B              

 **************************************************************************

 **************************************************************************

                    xk=(  -0.67500,   0.50000,   0.32500  )

     Band symmetry, C_2  (2)    point group:

     e(  1 -  1) =     -5.49527  eV     1   --> B              
     e(  2 -  2) =     -5.42649  eV     1   --> A              
     e(  3 -  3) =     -5.35833  eV     1   --> A              
     e(  4 -  4) =     -5.18426  eV     1   --> B              
     e(  5 -  5) =     -5.17191  eV     1   --> A              
     e(  6 -  6) =      3.83024  eV     1   --> A              
     e(  7 -  7) =      7.91810  eV     1   --> B              
     e(  8 -  8) =     14.66764  eV     1   --> A              
     e(  9 -  9) =     16.18754  eV     1   --> B              
     e( 10 - 10) =     20.44313  eV     1   --> B              

 **************************************************************************

 **************************************************************************

                    xk=(  -0.66250,   0.50000,   0.33750  )

     Band symmetry, C_2  (2)    point group:

     e(  1 -  1) =     -5.49422  eV     1   --> B              
     e(  2 -  2) =     -5.42999  eV     1   --> A              
     e(  3 -  3) =     -5.36745  eV     1   --> A              
     e(  4 -  4) =     -5.17680  eV     1   --> B              
     e(  5 -  5) =     -5.17148  eV     1   --> A              
     e(  6 -  6) =      3.78997  eV     1   --> A              
     e(  7 -  7) =      7.85442  eV     1   --> B              
     e(  8 -  8) =     14.92547  eV     1   --> A              
     e(  9 -  9) =     16.35270  eV     1   --> B              
     e( 10 - 10) =     20.43855  eV     1   --> B              

 **************************************************************************

 **************************************************************************

                    xk=(  -0.65000,   0.50000,   0.35000  )

     Band symmetry, C_2  (2)    point group:

     e(  1 -  1) =     -5.46108  eV     1   --> B              
     e(  2 -  2) =     -5.43147  eV     1   --> A              
     e(  3 -  3) =     -5.35738  eV     1   --> A              
     e(  4 -  4) =     -5.17082  eV     1   --> A              
     e(  5 -  5) =     -5.16900  eV     1   --> B              
     e(  6 -  6) =      3.75262  eV     1   --> A              
     e(  7 -  7) =      7.79520  eV     1   --> B              
     e(  8 -  8) =     15.18451  eV     1   --> A              
     e(  9 -  9) =     16.51017  eV     1   --> B              
     e( 10 - 10) =     20.45023  eV     1   --> B              

 **************************************************************************

 **************************************************************************

                    xk=(  -0.63750,   0.50000,   0.36250  )

     Band symmetry, C_2  (2)    point group:

     e(  1 -  1) =     -5.48453  eV     1   --> B              
     e(  2 -  2) =     -5.43455  eV     1   --> A              
     e(  3 -  3) =     -5.41717  eV     1   --> A              
     e(  4 -  4) =     -5.18911  eV     1   --> B              
     e(  5 -  5) =     -5.17626  eV     1   --> A              
     e(  6 -  6) =      3.71791  eV     1   --> A              
     e(  7 -  7) =      7.74027  eV     1   --> B              
     e(  8 -  8) =     15.44052  eV     1   --> A              
     e(  9 -  9) =     16.65581  eV     1   --> B              
     e( 10 - 10) =     20.47130  eV     1   --> B              

 **************************************************************************

 **************************************************************************

                    xk=(  -0.62500,   0.50000,   0.37500  )

     Band symmetry, C_2  (2)    point group:

     e(  1 -  1) =     -5.48453  eV     1   --> B              
     e(  2 -  2) =     -5.43717  eV     1   --> A              
     e(  3 -  3) =     -5.42653  eV     1   --> A              
     e(  4 -  4) =     -5.18293  eV     1   --> B              
     e(  5 -  5) =     -5.17513  eV     1   --> A              
     e(  6 -  6) =      3.68616  eV     1   --> A              
     e(  7 -  7) =      7.69014  eV     1   --> B              
     e(  8 -  8) =     15.69610  eV     1   --> A              
     e(  9 -  9) =     16.79121  eV     1   --> B              
     e( 10 - 10) =     20.50947  eV     1   --> B              

 **************************************************************************

 **************************************************************************

                    xk=(  -0.61250,   0.50000,   0.38750  )

     Band symmetry, C_2  (2)    point group:

     e(  1 -  1) =     -5.49507  eV     1   --> B              
     e(  2 -  2) =     -5.45823  eV     1   --> A              
     e(  3 -  3) =     -5.43760  eV     1   --> A              
     e(  4 -  4) =     -5.18799  eV     1   --> A              
     e(  5 -  5) =     -5.18548  eV     1   --> B              
     e(  6 -  6) =      3.65734  eV     1   --> A              
     e(  7 -  7) =      7.64459  eV     1   --> B              
     e(  8 -  8) =     15.94788  eV     1   --> A              
     e(  9 -  9) =     16.91420  eV     1   --> B              
     e( 10 - 10) =     20.56206  eV     1   --> B              

 **************************************************************************

 **************************************************************************

                    xk=(  -0.60000,   0.50000,   0.40000  )

     Band symmetry, C_2  (2)    point group:

     e(  1 -  1) =     -5.49473  eV     1   --> B              
     e(  2 -  2) =     -5.46188  eV     1   --> A              
     e(  3 -  3) =     -5.44398  eV     1   --> A              
     e(  4 -  4) =     -5.18694  eV     1   --> A              
     e(  5 -  5) =     -5.17976  eV     1   --> B              
     e(  6 -  6) =      3.63149  eV     1   --> A              
     e(  7 -  7) =      7.60374  eV     1   --> B              
     e(  8 -  8) =     16.19370  eV     1   --> A              
     e(  9 -  9) =     17.02435  eV     1   --> B              
     e( 10 - 10) =     20.62996  eV     1   --> B              

 **************************************************************************

 **************************************************************************

                    xk=(  -0.58750,   0.50000,   0.41250  )

     Band symmetry, C_2  (2)    point group:

     e(  1 -  1) =     -5.49421  eV     1   --> B              
     e(  2 -  2) =     -5.46561  eV     1   --> A              
     e(  3 -  3) =     -5.44904  eV     1   --> A              
     e(  4 -  4) =     -5.18581  eV     1   --> A              
     e(  5 -  5) =     -5.17428  eV     1   --> B              
     e(  6 -  6) =      3.60864  eV     1   --> A              
     e(  7 -  7) =      7.56761  eV     1   --> B              
     e(  8 -  8) =     16.43074  eV     1   --> A              
     e(  9 -  9) =     17.12090  eV     1   --> B              
     e( 10 - 10) =     20.71137  eV     1   --> B              

 **************************************************************************

 **************************************************************************

                    xk=(  -0.57500,   0.50000,   0.42500  )

     Band symmetry, C_2  (2)    point group:

     e(  1 -  1) =     -5.52829  eV     1   --> B              
     e(  2 -  2) =     -5.47044  eV     1   --> A              
     e(  3 -  3) =     -5.45581  eV     1   --> A              
     e(  4 -  4) =     -5.22292  eV     1   --> A              
     e(  5 -  5) =     -5.20106  eV     1   --> B              
     e(  6 -  6) =      3.58858  eV     1   --> A              
     e(  7 -  7) =      7.53613  eV     1   --> B              
     e(  8 -  8) =     16.65523  eV     1   --> A              
     e(  9 -  9) =     17.20320  eV     1   --> B              
     e( 10 - 10) =     20.80181  eV     1   --> B              

 **************************************************************************

 **************************************************************************

                    xk=(  -0.56250,   0.50000,   0.43750  )

     Band symmetry, C_2  (2)    point group:

     e(  1 -  1) =     -5.52235  eV     1   --> B              
     e(  2 -  2) =     -5.47343  eV     1   --> A              
     e(  3 -  3) =     -5.45809  eV     1   --> A              
     e(  4 -  4) =     -5.20967  eV     1   --> A              
     e(  5 -  5) =     -5.16104  eV     1   --> B              
     e(  6 -  6) =      3.57184  eV     1   --> A              
     e(  7 -  7) =      7.50957  eV     1   --> B              
     e(  8 -  8) =     16.86303  eV     1   --> A              
     e(  9 -  9) =     17.27224  eV     1   --> B              
     e( 10 - 10) =     20.90308  eV     1   --> B              

 **************************************************************************

 **************************************************************************

                    xk=(  -0.55000,   0.50000,   0.45000  )

     Band symmetry, C_2  (2)    point group:

     e(  1 -  1) =     -5.49498  eV     1   --> B              
     e(  2 -  2) =     -5.47575  eV     1   --> A              
     e(  3 -  3) =     -5.44656  eV     1   --> A              
     e(  4 -  4) =     -5.21503  eV     1   --> A              
     e(  5 -  5) =     -5.19610  eV     1   --> B              
     e(  6 -  6) =      3.55809  eV     1   --> A              
     e(  7 -  7) =      7.48770  eV     1   --> B              
     e(  8 -  8) =     17.04844  eV     1   --> A              
     e(  9 -  9) =     17.32783  eV     1   --> B              
     e( 10 - 10) =     21.00801  eV     1   --> B              

 **************************************************************************

 **************************************************************************

                    xk=(  -0.53750,   0.50000,   0.46250  )

     Band symmetry, C_2  (2)    point group:

     e(  1 -  1) =     -5.50136  eV     1   --> B              
     e(  2 -  2) =     -5.49846  eV     1   --> A              
     e(  3 -  3) =     -5.45364  eV     1   --> A              
     e(  4 -  4) =     -5.21775  eV     1   --> B              
     e(  5 -  5) =     -5.21596  eV     1   --> A              
     e(  6 -  6) =      3.54736  eV     1   --> A              
     e(  7 -  7) =      7.47070  eV     1   --> B              
     e(  8 -  8) =     17.20404  eV     1   --> A              
     e(  9 -  9) =     17.37026  eV     1   --> B              
     e( 10 - 10) =     21.10699  eV     1   --> B              

 **************************************************************************

 **************************************************************************

                    xk=(  -0.52500,   0.50000,   0.47500  )

     Band symmetry, C_2  (2)    point group:

     e(  1 -  1) =     -5.50169  eV     1   --> B              
     e(  2 -  2) =     -5.50039  eV     1   --> A              
     e(  3 -  3) =     -5.45520  eV     1   --> A              
     e(  4 -  4) =     -5.21689  eV     1   --> B              
     e(  5 -  5) =     -5.21609  eV     1   --> A              
     e(  6 -  6) =      3.53969  eV     1   --> A              
     e(  7 -  7) =      7.45857  eV     1   --> B              
     e(  8 -  8) =     17.32309  eV     1   --> A              
     e(  9 -  9) =     17.40018  eV     1   --> B              
     e( 10 - 10) =     21.19190  eV     1   --> B              

 **************************************************************************

 **************************************************************************

                    xk=(  -0.51250,   0.50000,   0.48750  )

     Band symmetry, C_2  (2)    point group:

     e(  1 -  1) =     -5.50189  eV     1   --> B              
     e(  2 -  2) =     -5.50156  eV     1   --> A              
     e(  3 -  3) =     -5.45613  eV     1   --> A              
     e(  4 -  4) =     -5.21637  eV     1   --> B              
     e(  5 -  5) =     -5.21617  eV     1   --> A              
     e(  6 -  6) =      3.53508  eV     1   --> A              
     e(  7 -  7) =      7.45129  eV     1   --> B              
     e(  8 -  8) =     17.39814  eV     1   --> A              
     e(  9 -  9) =     17.41795  eV     1   --> B              
     e( 10 - 10) =     21.25036  eV     1   --> B              

 **************************************************************************

 **************************************************************************

                    xk=(  -0.50000,   0.50000,   0.50000  )

     point group D_3d (-3m) 
     there are  6 classes
     the character table:

       E     2C3   3C2'  i     2S6   3s_d 
A_1g   1.00  1.00  1.00  1.00  1.00  1.00
A_2g   1.00  1.00 -1.00  1.00  1.00 -1.00
E_g    2.00 -1.00  0.00  2.00 -1.00  0.00
A_1u   1.00  1.00  1.00 -1.00 -1.00 -1.00
A_2u   1.00  1.00 -1.00 -1.00 -1.00  1.00
E_u    2.00 -1.00  0.00 -2.00  1.00  0.00

     the symmetry operations in each class and the name of the first element:

     E        1
                                                                 
     2C3      5    6
                                                                 
     3C2'     2    4    3
                                                                 
     i        7
                                                                 
     2S6     11   12
                                                                 
     3s_d     8   10    9
                                                                 

     Band symmetry, D_3d (-3m)  point group:

     e(  1 -  2) =     -5.50196  eV     2   --> E_g  L_3       
     e(  3 -  3) =     -5.45643  eV     1   --> A_1g L_1       
     e(  4 -  5) =     -5.21619  eV     2   --> E_g  L_3       
     e(  6 -  6) =      3.53355  eV     1   --> A_1g L_1       
     e(  7 -  7) =      7.44886  eV     1   --> A_2u L_2'      
     e(  8 -  9) =     17.42383  eV     2   --> E_u  L_3'      
     e( 10 - 10) =     21.27140  eV     1   --> A_2u L_2'      

 **************************************************************************

 **************************************************************************

                    xk=(  -0.48750,   0.48750,   0.48750  )

     point group C_3v (3m)  
     there are  3 classes
     the character table:

       E     2C3   3s_v 
A_1    1.00  1.00  1.00
A_2    1.00  1.00 -1.00
E      2.00 -1.00  0.00

     the symmetry operations in each class and the name of the first element:

     E        1
                                                                 
     2C3      2    3
                                                                 
     3s_v     4    5    6
                                                                 

     Band symmetry, C_3v (3m)   point group:

     e(  1 -  2) =     -5.50176  eV     2   --> E    L_3       
     e(  3 -  3) =     -5.45611  eV     1   --> A_1  L_1       
     e(  4 -  5) =     -5.21637  eV     2   --> E    L_3       
     e(  6 -  6) =      3.51791  eV     1   --> A_1  L_1       
     e(  7 -  7) =      7.47105  eV     1   --> A_1  L_1       
     e(  8 -  9) =     17.42612  eV     2   --> E    L_3       
     e( 10 - 10) =     21.25098  eV     1   --> A_1  L_1       

 **************************************************************************

 **************************************************************************

                    xk=(  -0.47500,   0.47500,   0.47500  )

     Band symmetry, C_3v (3m)   point group:

     e(  1 -  2) =     -5.50115  eV     2   --> E    L_3       
     e(  3 -  3) =     -5.45515  eV     1   --> A_1  L_1       
     e(  4 -  5) =     -5.21689  eV     2   --> E    L_3       
     e(  6 -  6) =      3.47208  eV     1   --> A_1  L_1       
     e(  7 -  7) =      7.53656  eV     1   --> A_1  L_1       
     e(  8 -  9) =     17.43296  eV     2   --> E    L_3       
     e( 10 - 10) =     21.21037  eV     1   --> A_1  L_1       

 **************************************************************************

 **************************************************************************

                    xk=(  -0.46250,   0.46250,   0.46250  )

     Band symmetry, C_3v (3m)   point group:

     e(  1 -  2) =     -5.50015  eV     2   --> E    L_3       
     e(  3 -  3) =     -5.45354  eV     1   --> A_1  L_1       
     e(  4 -  5) =     -5.21775  eV     2   --> E    L_3       
     e(  6 -  6) =      3.39895  eV     1   --> A_1  L_1       
     e(  7 -  7) =      7.64246  eV     1   --> A_1  L_1       
     e(  8 -  9) =     17.44433  eV     2   --> E    L_3       
     e( 10 - 10) =     21.16690  eV     1   --> A_1  L_1       

 **************************************************************************

 **************************************************************************

                    xk=(  -0.45000,   0.45000,   0.45000  )

     Band symmetry, C_3v (3m)   point group:

     e(  1 -  2) =     -5.49154  eV     2   --> E    L_3       
     e(  3 -  3) =     -5.44468  eV     1   --> A_1  L_1       
     e(  4 -  5) =     -5.14870  eV     2   --> E    L_3       
     e(  6 -  6) =      3.30332  eV     1   --> A_1  L_1       
     e(  7 -  7) =      7.78472  eV     1   --> A_1  L_1       
     e(  8 -  9) =     17.46025  eV     2   --> E    L_3       
     e( 10 - 10) =     21.12581  eV     1   --> A_1  L_1       

 **************************************************************************

 **************************************************************************

                    xk=(  -0.43750,   0.43750,   0.43750  )

     Band symmetry, C_3v (3m)   point group:

     e(  1 -  2) =     -5.48995  eV     2   --> E    L_3       
     e(  3 -  3) =     -5.44182  eV     1   --> A_1  L_1       
     e(  4 -  5) =     -5.15225  eV     2   --> E    L_3       
     e(  6 -  6) =      3.18831  eV     1   --> A_1  L_1       
     e(  7 -  7) =      7.95866  eV     1   --> A_1  L_1       
     e(  8 -  9) =     17.48058  eV     2   --> E    L_3       
     e( 10 - 10) =     21.08748  eV     1   --> A_1  L_1       

 **************************************************************************

 **************************************************************************

                    xk=(  -0.42500,   0.42500,   0.42500  )

     Band symmetry, C_3v (3m)   point group:

     e(  1 -  2) =     -5.45042  eV     2   --> E    L_3       
     e(  3 -  3) =     -5.43440  eV     1   --> A_1  L_1       
     e(  4 -  5) =     -5.15677  eV     2   --> E    L_3       
     e(  6 -  6) =      3.05890  eV     1   --> A_1  L_1       
     e(  7 -  7) =      8.15997  eV     1   --> A_1  L_1       
     e(  8 -  9) =     17.50520  eV     2   --> E    L_3       
     e( 10 - 10) =     21.05337  eV     1   --> A_1  L_1       

 **************************************************************************

 **************************************************************************

                    xk=(  -0.41250,   0.41250,   0.41250  )

     Band symmetry, C_3v (3m)   point group:

     e(  1 -  2) =     -5.44963  eV     2   --> E    L_3       
     e(  3 -  3) =     -5.43053  eV     1   --> A_1  L_1       
     e(  4 -  5) =     -5.16169  eV     2   --> E    L_3       
     e(  6 -  6) =      2.91912  eV     1   --> A_1  L_1       
     e(  7 -  7) =      8.38475  eV     1   --> A_1  L_1       
     e(  8 -  9) =     17.53413  eV     2   --> E    L_3       
     e( 10 - 10) =     21.02263  eV     1   --> A_1  L_1       

 **************************************************************************

 **************************************************************************

                    xk=(  -0.40000,   0.40000,   0.40000  )

     Band symmetry, C_3v (3m)   point group:

     e(  1 -  2) =     -5.44856  eV     2   --> E    L_3       
     e(  3 -  3) =     -5.42606  eV     1   --> A_1  L_1       
     e(  4 -  5) =     -5.16671  eV     2   --> E    L_3       
     e(  6 -  6) =      2.77214  eV     1   --> A_1  L_1       
     e(  7 -  7) =      8.62971  eV     1   --> A_1  L_1       
     e(  8 -  9) =     17.56721  eV     2   --> E    L_3       
     e( 10 - 10) =     20.99587  eV     1   --> A_1  L_1       

 **************************************************************************

 **************************************************************************

                    xk=(  -0.38750,   0.38750,   0.38750  )

     Band symmetry, C_3v (3m)   point group:

     e(  1 -  2) =     -5.44722  eV     2   --> E    L_3       
     e(  3 -  3) =     -5.42099  eV     1   --> A_1  L_1       
     e(  4 -  5) =     -5.17179  eV     2   --> E    L_3       
     e(  6 -  6) =      2.62061  eV     1   --> A_1  L_1       
     e(  7 -  7) =      8.89214  eV     1   --> A_1  L_1       
     e(  8 -  9) =     17.60432  eV     2   --> E    L_3       
     e( 10 - 10) =     20.97310  eV     1   --> A_1  L_1       

 **************************************************************************

 **************************************************************************

                    xk=(  -0.37500,   0.37500,   0.37500  )

     Band symmetry, C_3v (3m)   point group:

     e(  1 -  1) =     -5.47632  eV     1   --> A_1  L_1       
     e(  2 -  3) =     -5.44715  eV     2   --> E    L_3       
     e(  4 -  5) =     -5.18588  eV     2   --> E    L_3       
     e(  6 -  6) =      2.46470  eV     1   --> A_1  L_1       
     e(  7 -  7) =      9.16854  eV     1   --> A_1  L_1       
     e(  8 -  9) =     17.64532  eV     2   --> E    L_3       
     e( 10 - 10) =     20.94742  eV     1   --> A_1  L_1       

 **************************************************************************

 **************************************************************************

                    xk=(  -0.36250,   0.36250,   0.36250  )

     Band symmetry, C_3v (3m)   point group:

     e(  1 -  2) =     -5.44224  eV     2   --> E    L_3       
     e(  3 -  3) =     -5.42783  eV     1   --> A_1  L_1       
     e(  4 -  5) =     -5.14535  eV     2   --> E    L_3       
     e(  6 -  6) =      2.31170  eV     1   --> A_1  L_1       
     e(  7 -  7) =      9.46077  eV     1   --> A_1  L_1       
     e(  8 -  9) =     17.69028  eV     2   --> E    L_3       
     e( 10 - 10) =     20.93739  eV     1   --> A_1  L_1       

 **************************************************************************

 **************************************************************************

                    xk=(  -0.35000,   0.35000,   0.35000  )

     Band symmetry, C_3v (3m)   point group:

     e(  1 -  2) =     -5.45563  eV     2   --> E    L_3       
     e(  3 -  3) =     -5.43869  eV     1   --> A_1  L_1       
     e(  4 -  5) =     -5.21417  eV     2   --> E    L_3       
     e(  6 -  6) =      2.15703  eV     1   --> A_1  L_1       
     e(  7 -  7) =      9.76348  eV     1   --> A_1  L_1       
     e(  8 -  9) =     17.73819  eV     2   --> E    L_3       
     e( 10 - 10) =     20.92459  eV     1   --> A_1  L_1       

 **************************************************************************

 **************************************************************************

                    xk=(  -0.33750,   0.33750,   0.33750  )

     Band symmetry, C_3v (3m)   point group:

     e(  1 -  2) =     -5.45394  eV     2   --> E    L_3       
     e(  3 -  3) =     -5.43813  eV     1   --> A_1  L_1       
     e(  4 -  5) =     -5.22457  eV     2   --> E    L_3       
     e(  6 -  6) =      2.00480  eV     1   --> A_1  L_1       
     e(  7 -  7) =     10.07742  eV     1   --> A_1  L_1       
     e(  8 -  9) =     17.78981  eV     2   --> E    L_3       
     e( 10 - 10) =     20.91690  eV     1   --> A_1  L_1       

 **************************************************************************

 **************************************************************************

                    xk=(  -0.32500,   0.32500,   0.32500  )

     Band symmetry, C_3v (3m)   point group:

     e(  1 -  2) =     -5.45216  eV     2   --> E    L_3       
     e(  3 -  3) =     -5.43709  eV     1   --> A_1  L_1       
     e(  4 -  5) =     -5.23471  eV     2   --> E    L_3       
     e(  6 -  6) =      1.85519  eV     1   --> A_1  L_1       
     e(  7 -  7) =     10.40131  eV     1   --> A_1  L_1       
     e(  8 -  9) =     17.84460  eV     2   --> E    L_3       
     e( 10 - 10) =     20.91312  eV     1   --> A_1  L_1       

 **************************************************************************

 **************************************************************************

                    xk=(  -0.31250,   0.31250,   0.31250  )

     Band symmetry, C_3v (3m)   point group:

     e(  1 -  2) =     -5.45035  eV     2   --> E    L_3       
     e(  3 -  3) =     -5.41048  eV     1   --> A_1  L_1       
     e(  4 -  5) =     -5.24448  eV     2   --> E    L_3       
     e(  6 -  6) =      1.70935  eV     1   --> A_1  L_1       
     e(  7 -  7) =     10.73507  eV     1   --> A_1  L_1       
     e(  8 -  9) =     17.90235  eV     2   --> E    L_3       
     e( 10 - 10) =     20.91621  eV     1   --> A_1  L_1       

 **************************************************************************

 **************************************************************************

                    xk=(  -0.30000,   0.30000,   0.30000  )

     Band symmetry, C_3v (3m)   point group:

     e(  1 -  2) =     -5.44859  eV     2   --> E    L_3       
     e(  3 -  3) =     -5.40955  eV     1   --> A_1  L_1       
     e(  4 -  5) =     -5.25379  eV     2   --> E    L_3       
     e(  6 -  6) =      1.56688  eV     1   --> A_1  L_1       
     e(  7 -  7) =     11.07654  eV     1   --> A_1  L_1       
     e(  8 -  9) =     17.96283  eV     2   --> E    L_3       
     e( 10 - 10) =     20.92007  eV     1   --> A_1  L_1       

 **************************************************************************

 **************************************************************************

                    xk=(  -0.28750,   0.28750,   0.28750  )

     Band symmetry, C_3v (3m)   point group:

     e(  1 -  1) =     -5.46050  eV     1   --> A_1  L_1       
     e(  2 -  3) =     -5.45376  eV     2   --> E    L_3       
     e(  4 -  5) =     -5.31206  eV     2   --> E    L_3       
     e(  6 -  6) =      1.42763  eV     1   --> A_1  L_1       
     e(  7 -  7) =     11.42387  eV     1   --> A_1  L_1       
     e(  8 -  9) =     18.02555  eV     2   --> E    L_3       
     e( 10 - 10) =     20.92163  eV     1   --> A_1  L_1       

 **************************************************************************

 **************************************************************************

                    xk=(  -0.27500,   0.27500,   0.27500  )

     Band symmetry, C_3v (3m)   point group:

     e(  1 -  1) =     -5.46020  eV     1   --> A_1  L_1       
     e(  2 -  3) =     -5.45177  eV     2   --> E    L_3       
     e(  4 -  5) =     -5.32277  eV     2   --> E    L_3       
     e(  6 -  6) =      1.29427  eV     1   --> A_1  L_1       
     e(  7 -  7) =     11.78038  eV     1   --> A_1  L_1       
     e(  8 -  9) =     18.09074  eV     2   --> E    L_3       
     e( 10 - 10) =     20.93305  eV     1   --> A_1  L_1       

 **************************************************************************

 **************************************************************************

                    xk=(  -0.26250,   0.26250,   0.26250  )

     Band symmetry, C_3v (3m)   point group:

     e(  1 -  2) =     -5.44233  eV     2   --> E    L_3       
     e(  3 -  3) =     -5.42932  eV     1   --> A_1  L_1       
     e(  4 -  5) =     -5.27897  eV     2   --> E    L_3       
     e(  6 -  6) =      1.16647  eV     1   --> A_1  L_1       
     e(  7 -  7) =     12.14491  eV     1   --> A_1  L_1       
     e(  8 -  9) =     18.15830  eV     2   --> E    L_3       
     e( 10 - 10) =     20.95173  eV     1   --> A_1  L_1       

 **************************************************************************

 **************************************************************************

                    xk=(  -0.25000,   0.25000,   0.25000  )

     Band symmetry, C_3v (3m)   point group:

     e(  1 -  2) =     -5.44146  eV     2   --> E    L_3       
     e(  3 -  3) =     -5.42885  eV     1   --> A_1  L_1       
     e(  4 -  5) =     -5.28974  eV     2   --> E    L_3       
     e(  6 -  6) =      1.04329  eV     1   --> A_1  L_1       
     e(  7 -  7) =     12.51463  eV     1   --> A_1  L_1       
     e(  8 -  9) =     18.22711  eV     2   --> E    L_3       
     e( 10 - 10) =     20.97068  eV     1   --> A_1  L_1       

 **************************************************************************

 **************************************************************************

                    xk=(  -0.23750,   0.23750,   0.23750  )

     Band symmetry, C_3v (3m)   point group:

     e(  1 -  1) =     -5.50082  eV     1   --> A_1  L_1       
     e(  2 -  3) =     -5.44111  eV     2   --> E    L_3       
     e(  4 -  5) =     -5.30462  eV     2   --> E    L_3       
     e(  6 -  6) =      0.92483  eV     1   --> A_1  L_1       
     e(  7 -  7) =     12.88730  eV     1   --> A_1  L_1       
     e(  8 -  9) =     18.29723  eV     2   --> E    L_3       
     e( 10 - 10) =     20.98505  eV     1   --> A_1  L_1       

 **************************************************************************

 **************************************************************************

                    xk=(  -0.22500,   0.22500,   0.22500  )

     Band symmetry, C_3v (3m)   point group:

     e(  1 -  1) =     -5.50255  eV     1   --> A_1  L_1       
     e(  2 -  3) =     -5.44124  eV     2   --> E    L_3       
     e(  4 -  5) =     -5.31341  eV     2   --> E    L_3       
     e(  6 -  6) =      0.81276  eV     1   --> A_1  L_1       
     e(  7 -  7) =     13.26820  eV     1   --> A_1  L_1       
     e(  8 -  9) =     18.36842  eV     2   --> E    L_3       
     e( 10 - 10) =     21.01137  eV     1   --> A_1  L_1       

 **************************************************************************

 **************************************************************************

                    xk=(  -0.21250,   0.21250,   0.21250  )

     Band symmetry, C_3v (3m)   point group:

     e(  1 -  1) =     -5.50399  eV     1   --> A_1  L_1       
     e(  2 -  3) =     -5.44204  eV     2   --> E    L_3       
     e(  4 -  5) =     -5.32089  eV     2   --> E    L_3       
     e(  6 -  6) =      0.70643  eV     1   --> A_1  L_1       
     e(  7 -  7) =     13.65406  eV     1   --> A_1  L_1       
     e(  8 -  9) =     18.44028  eV     2   --> E    L_3       
     e( 10 - 10) =     21.04143  eV     1   --> A_1  L_1       

 **************************************************************************

 **************************************************************************

                    xk=(  -0.20000,   0.20000,   0.20000  )

     Band symmetry, C_3v (3m)   point group:

     e(  1 -  1) =     -5.48059  eV     1   --> A_1  L_1       
     e(  2 -  3) =     -5.35947  eV     2   --> E    L_3       
     e(  4 -  5) =     -5.26399  eV     2   --> E    L_3       
     e(  6 -  6) =      0.60596  eV     1   --> A_1  L_1       
     e(  7 -  7) =     14.04504  eV     1   --> A_1  L_1       
     e(  8 -  9) =     18.51412  eV     2   --> E    L_3       
     e( 10 - 10) =     21.07768  eV     1   --> A_1  L_1       

 **************************************************************************

 **************************************************************************

                    xk=(  -0.18750,   0.18750,   0.18750  )

     Band symmetry, C_3v (3m)   point group:

     e(  1 -  1) =     -5.48233  eV     1   --> A_1  L_1       
     e(  2 -  3) =     -5.36438  eV     2   --> E    L_3       
     e(  4 -  5) =     -5.26803  eV     2   --> E    L_3       
     e(  6 -  6) =      0.51139  eV     1   --> A_1  L_1       
     e(  7 -  7) =     14.43918  eV     1   --> A_1  L_1       
     e(  8 -  9) =     18.58608  eV     2   --> E    L_3       
     e( 10 - 10) =     21.11486  eV     1   --> A_1  L_1       

 **************************************************************************

 **************************************************************************

                    xk=(  -0.17500,   0.17500,   0.17500  )

     Band symmetry, C_3v (3m)   point group:

     e(  1 -  1) =     -5.48378  eV     1   --> A_1  L_1       
     e(  2 -  3) =     -5.37002  eV     2   --> E    L_3       
     e(  4 -  5) =     -5.27059  eV     2   --> E    L_3       
     e(  6 -  6) =      0.42280  eV     1   --> A_1  L_1       
     e(  7 -  7) =     14.83650  eV     1   --> A_1  L_1       
     e(  8 -  9) =     18.65745  eV     2   --> E    L_3       
     e( 10 - 10) =     21.15559  eV     1   --> A_1  L_1       

 **************************************************************************

 **************************************************************************

                    xk=(  -0.16250,   0.16250,   0.16250  )

     Band symmetry, C_3v (3m)   point group:

     e(  1 -  1) =     -5.48493  eV     1   --> A_1  L_1       
     e(  2 -  3) =     -5.37615  eV     2   --> E    L_3       
     e(  4 -  5) =     -5.27188  eV     2   --> E    L_3       
     e(  6 -  6) =      0.34025  eV     1   --> A_1  L_1       
     e(  7 -  7) =     15.23617  eV     1   --> A_1  L_1       
     e(  8 -  9) =     18.72777  eV     2   --> E    L_3       
     e( 10 - 10) =     21.19974  eV     1   --> A_1  L_1       

 **************************************************************************

 **************************************************************************

                    xk=(  -0.15000,   0.15000,   0.15000  )

     Band symmetry, C_3v (3m)   point group:

     e(  1 -  1) =     -5.48577  eV     1   --> A_1  L_1       
     e(  2 -  3) =     -5.38253  eV     2   --> E    L_3       
     e(  4 -  5) =     -5.27214  eV     2   --> E    L_3       
     e(  6 -  6) =      0.26376  eV     1   --> A_1  L_1       
     e(  7 -  7) =     15.63722  eV     1   --> A_1  L_1       
     e(  8 -  9) =     18.79653  eV     2   --> E    L_3       
     e( 10 - 10) =     21.24717  eV     1   --> A_1  L_1       

 **************************************************************************

 **************************************************************************

                    xk=(  -0.13750,   0.13750,   0.13750  )

     Band symmetry, C_3v (3m)   point group:

     e(  1 -  1) =     -5.48631  eV     1   --> A_1  L_1       
     e(  2 -  3) =     -5.38891  eV     2   --> E    L_3       
     e(  4 -  5) =     -5.27157  eV     2   --> E    L_3       
     e(  6 -  6) =      0.19337  eV     1   --> A_1  L_1       
     e(  7 -  7) =     16.03840  eV     1   --> A_1  L_1       
     e(  8 -  9) =     18.86318  eV     2   --> E    L_3       
     e( 10 - 10) =     21.29771  eV     1   --> A_1  L_1       

 **************************************************************************

 **************************************************************************

                    xk=(  -0.12500,   0.12500,   0.12500  )

     Band symmetry, C_3v (3m)   point group:

     e(  1 -  1) =     -5.48653  eV     1   --> A_1  L_1       
     e(  2 -  3) =     -5.39509  eV     2   --> E    L_3       
     e(  4 -  5) =     -5.27035  eV     2   --> E    L_3       
     e(  6 -  6) =      0.12909  eV     1   --> A_1  L_1       
     e(  7 -  7) =     16.43815  eV     1   --> A_1  L_1       
     e(  8 -  9) =     18.92714  eV     2   --> E    L_3       
     e( 10 - 10) =     21.35111  eV     1   --> A_1  L_1       

 **************************************************************************

 **************************************************************************

                    xk=(  -0.11250,   0.11250,   0.11250  )

     Band symmetry, C_3v (3m)   point group:

     e(  1 -  1) =     -5.47957  eV     1   --> A_1  L_1       
     e(  2 -  3) =     -5.39192  eV     2   --> E    L_3       
     e(  4 -  5) =     -5.20281  eV     2   --> E    L_3       
     e(  6 -  6) =      0.07108  eV     1   --> A_1  L_1       
     e(  7 -  7) =     16.83462  eV     1   --> A_1  L_1       
     e(  8 -  9) =     18.98788  eV     2   --> E    L_3       
     e( 10 - 10) =     21.40758  eV     1   --> A_1  L_1       

 **************************************************************************

 **************************************************************************

                    xk=(  -0.10000,   0.10000,   0.10000  )

     Band symmetry, C_3v (3m)   point group:

     e(  1 -  1) =     -5.47916  eV     1   --> A_1  L_1       
     e(  2 -  3) =     -5.39689  eV     2   --> E    L_3       
     e(  4 -  5) =     -5.24238  eV     2   --> E    L_3       
     e(  6 -  6) =      0.01900  eV     1   --> A_1  L_1       
     e(  7 -  7) =     17.22462  eV     1   --> A_1  L_1       
     e(  8 -  9) =     19.04458  eV     2   --> E    L_3       
     e( 10 - 10) =     21.46576  eV     1   --> A_1  L_1       

 **************************************************************************

 **************************************************************************

                    xk=(  -0.08750,   0.08750,   0.08750  )

     Band symmetry, C_3v (3m)   point group:

     e(  1 -  1) =     -5.47463  eV     1   --> A_1  L_1       
     e(  2 -  3) =     -5.35372  eV     2   --> E    L_3       
     e(  4 -  5) =     -5.21639  eV     2   --> E    L_3       
     e(  6 -  6) =     -0.02679  eV     1   --> A_1  L_1       
     e(  7 -  7) =     17.60482  eV     1   --> A_1  L_1       
     e(  8 -  9) =     19.09704  eV     2   --> E    L_3       
     e( 10 - 10) =     21.52585  eV     1   --> A_1  L_1       

 **************************************************************************

 **************************************************************************

                    xk=(  -0.07500,   0.07500,   0.07500  )

     Band symmetry, C_3v (3m)   point group:

     e(  1 -  1) =     -5.40559  eV     1   --> A_1  L_1       
     e(  2 -  3) =     -5.35726  eV     2   --> E    L_3       
     e(  4 -  5) =     -5.21402  eV     2   --> E    L_3       
     e(  6 -  6) =     -0.06646  eV     1   --> A_1  L_1       
     e(  7 -  7) =     17.97109  eV     1   --> A_1  L_1       
     e(  8 -  9) =     19.14382  eV     2   --> E    L_3       
     e( 10 - 10) =     21.59004  eV     1   --> A_1  L_1       

 **************************************************************************

 **************************************************************************

                    xk=(  -0.06250,   0.06250,   0.06250  )

     Band symmetry, C_3v (3m)   point group:

     e(  1 -  1) =     -5.40687  eV     1   --> A_1  L_1       
     e(  2 -  3) =     -5.36123  eV     2   --> E    L_3       
     e(  4 -  5) =     -5.21507  eV     2   --> E    L_3       
     e(  6 -  6) =     -0.10009  eV     1   --> A_1  L_1       
     e(  7 -  7) =     18.31400  eV     1   --> A_1  L_1       
     e(  8 -  9) =     19.18472  eV     2   --> E    L_3       
     e( 10 - 10) =     21.65109  eV     1   --> A_1  L_1       

 **************************************************************************

 **************************************************************************

                    xk=(  -0.05000,   0.05000,   0.05000  )

     Band symmetry, C_3v (3m)   point group:

     e(  1 -  1) =     -5.36402  eV     1   --> A_1  L_1       
     e(  2 -  3) =     -5.36215  eV     2   --> E    L_3       
     e(  4 -  5) =     -5.20153  eV     2   --> E    L_3       
     e(  6 -  6) =     -0.12753  eV     1   --> A_1  L_1       
     e(  7 -  7) =     18.62593  eV     1   --> A_1  L_1       
     e(  8 -  9) =     19.21915  eV     2   --> E    L_3       
     e( 10 - 10) =     21.71268  eV     1   --> A_1  L_1       

 **************************************************************************

 **************************************************************************

                    xk=(  -0.03750,   0.03750,   0.03750  )

     Band symmetry, C_3v (3m)   point group:

     e(  1 -  1) =     -5.36581  eV     1   --> A_1  L_1       
     e(  2 -  3) =     -5.36473  eV     2   --> E    L_3       
     e(  4 -  5) =     -5.20263  eV     2   --> E    L_3       
     e(  6 -  6) =     -0.14893  eV     1   --> A_1  L_1       
     e(  7 -  7) =     18.89355  eV     1   --> A_1  L_1       
     e(  8 -  9) =     19.24655  eV     2   --> E    L_3       
     e( 10 - 10) =     21.76993  eV     1   --> A_1  L_1       

 **************************************************************************

 **************************************************************************

                    xk=(  -0.02500,   0.02500,   0.02500  )

     Band symmetry, C_3v (3m)   point group:

     e(  1 -  1) =     -5.36709  eV     1   --> A_1  L_1       
     e(  2 -  3) =     -5.36660  eV     2   --> E    L_3       
     e(  4 -  5) =     -5.20339  eV     2   --> E    L_3       
     e(  6 -  6) =     -0.16421  eV     1   --> A_1  L_1       
     e(  7 -  7) =     19.10232  eV     1   --> A_1  L_1       
     e(  8 -  9) =     19.26647  eV     2   --> E    L_3       
     e( 10 - 10) =     21.82027  eV     1   --> A_1  L_1       

 **************************************************************************

 **************************************************************************

                    xk=(  -0.01250,   0.01250,   0.01250  )

     Band symmetry, C_3v (3m)   point group:

     e(  1 -  1) =     -5.36786  eV     1   --> A_1  L_1       
     e(  2 -  3) =     -5.36774  eV     2   --> E    L_3       
     e(  4 -  5) =     -5.20384  eV     2   --> E    L_3       
     e(  6 -  6) =     -0.17337  eV     1   --> A_1  L_1       
     e(  7 -  7) =     19.23630  eV     1   --> A_1  L_1       
     e(  8 -  9) =     19.27857  eV     2   --> E    L_3       
     e( 10 - 10) =     21.85650  eV     1   --> A_1  L_1       

 **************************************************************************

 **************************************************************************

                    xk=(   0.00000,   0.00000,   0.00000  )

     point group O_h (m-3m) 
     there are 10 classes
     the character table:

       E     8C3   3C2   6C4   6C2'  i     8S6   3s_h  6S4   6s_d 
A_1g   1.00  1.00  1.00  1.00  1.00  1.00  1.00  1.00  1.00  1.00
A_2g   1.00  1.00  1.00 -1.00 -1.00  1.00  1.00  1.00 -1.00 -1.00
E_g    2.00 -1.00  2.00  0.00  0.00  2.00 -1.00  2.00  0.00  0.00
T_1g   3.00  0.00 -1.00  1.00 -1.00  3.00  0.00 -1.00  1.00 -1.00
T_2g   3.00  0.00 -1.00 -1.00  1.00  3.00  0.00 -1.00 -1.00  1.00
A_1u   1.00  1.00  1.00  1.00  1.00 -1.00 -1.00 -1.00 -1.00 -1.00
A_2u   1.00  1.00  1.00 -1.00 -1.00 -1.00 -1.00 -1.00  1.00  1.00
E_u    2.00 -1.00  2.00  0.00  0.00 -2.00  1.00 -2.00  0.00  0.00
T_1u   3.00  0.00 -1.00  1.00 -1.00 -3.00  0.00  1.00 -1.00  1.00
T_2u   3.00  0.00 -1.00 -1.00  1.00 -3.00  0.00  1.00  1.00 -1.00

     the symmetry operations in each class and the name of the first element:

     E        1
                                                                 
     8C3     17   19   20   18   24   21   22   23
                                                                 
     3C2      2    4    3
                                                                 
     6C4      7    8   15   16   12   11
                                                                 
     6C2'     5    6   14   13   10    9
                                                                 
     i       25
                                                                 
     8S6     41   43   44   42   48   45   46   47
                                                                 
     3s_h    26   28   27
                                                                 
     6S4     31   32   39   40   36   35
                                                                 
     6s_d    29   30   38   37   34   33
                                                                 

     Band symmetry, O_h (m-3m)  point group:

     e(  1 -  3) =     -5.36812  eV     3   --> T_2g G_25' G_5+
     e(  4 -  5) =     -5.20398  eV     2   --> E_g  G_12  G_3+
     e(  6 -  6) =     -0.17642  eV     1   --> A_1g G_1   G_1+
     e(  7 -  9) =     19.28263  eV     3   --> T_1u G_15  G_4-
     e( 10 - 10) =     21.87000  eV     1   --> A_2u G_2'  G_2-

 **************************************************************************

 **************************************************************************

                    xk=(  -0.01875,   0.01875,   0.00000  )

     point group C_2v (mm2) 
     there are  4 classes
     the character table:

       E     C2    s_v   s_v' 
A_1    1.00  1.00  1.00  1.00
A_2    1.00  1.00 -1.00 -1.00
B_1    1.00 -1.00  1.00 -1.00
B_2    1.00 -1.00 -1.00  1.00

     the symmetry operations in each class and the name of the first element:

     E        1
                                                                 
     C2       2
                                                                 
     s_v      4
                                                                 
     s_v'     3
                                                                 

     Band symmetry, C_2v (mm2)  point group:

     e(  1 -  1) =     -5.36787  eV     1   --> B_1  D_3  S_3  
     e(  2 -  2) =     -5.36768  eV     1   --> A_2  D_2  S_2  
     e(  3 -  3) =     -5.36728  eV     1   --> A_1  D_1  S_1  
     e(  4 -  4) =     -5.20383  eV     1   --> B_2  D_4  S_4  
     e(  5 -  5) =     -5.20370  eV     1   --> A_1  D_1  S_1  
     e(  6 -  6) =     -0.17184  eV     1   --> A_1  D_1  S_1  
     e(  7 -  7) =     19.22170  eV     1   --> A_1  D_1  S_1  
     e(  8 -  8) =     19.25994  eV     1   --> B_1  D_3  S_3  
     e(  9 -  9) =     19.28480  eV     1   --> B_2  D_4  S_4  
     e( 10 - 10) =     21.84991  eV     1   --> B_1  D_3  S_3  

 **************************************************************************

 **************************************************************************

                    xk=(  -0.03750,   0.03750,   0.00000  )

     Band symmetry, C_2v (mm2)  point group:

     e(  1 -  1) =     -5.36711  eV     1   --> B_1  D_3  S_3  
     e(  2 -  2) =     -5.36637  eV     1   --> A_2  D_2  S_2  
     e(  3 -  3) =     -5.36479  eV     1   --> A_1  D_1  S_1  
     e(  4 -  4) =     -5.20338  eV     1   --> B_2  D_4  S_4  
     e(  5 -  5) =     -5.20282  eV     1   --> A_1  D_1  S_1  
     e(  6 -  6) =     -0.15810  eV     1   --> A_1  D_1  S_1  
     e(  7 -  7) =     19.04925  eV     1   --> A_1  D_1  S_1  
     e(  8 -  8) =     19.19170  eV     1   --> B_1  D_3  S_3  
     e(  9 -  9) =     19.29122  eV     1   --> B_2  D_4  S_4  
     e( 10 - 10) =     21.79788  eV     1   --> B_1  D_3  S_3  

 **************************************************************************

 **************************************************************************

                    xk=(  -0.05625,   0.05625,   0.00000  )

     Band symmetry, C_2v (mm2)  point group:

     e(  1 -  1) =     -5.36583  eV     1   --> B_1  D_3  S_3  
     e(  2 -  2) =     -5.36419  eV     1   --> A_2  D_2  S_2  
     e(  3 -  3) =     -5.36073  eV     1   --> A_1  D_1  S_1  
     e(  4 -  4) =     -5.20260  eV     1   --> B_2  D_4  S_4  
     e(  5 -  5) =     -5.20130  eV     1   --> A_1  D_1  S_1  
     e(  6 -  6) =     -0.13518  eV     1   --> A_1  D_1  S_1  
     e(  7 -  7) =     18.78942  eV     1   --> A_1  D_1  S_1  
     e(  8 -  8) =     19.07787  eV     1   --> B_1  D_3  S_3  
     e(  9 -  9) =     19.30152  eV     1   --> B_2  D_4  S_4  
     e( 10 - 10) =     21.73275  eV     1   --> B_1  D_3  S_3  

 **************************************************************************

 **************************************************************************

                    xk=(  -0.07500,   0.07500,   0.00000  )

     Band symmetry, C_2v (mm2)  point group:

     e(  1 -  1) =     -5.39573  eV     1   --> B_1  D_3  S_3  
     e(  2 -  2) =     -5.38522  eV     1   --> A_1  D_1  S_1  
     e(  3 -  3) =     -5.36641  eV     1   --> A_2  D_2  S_2  
     e(  4 -  4) =     -5.23033  eV     1   --> B_2  D_4  S_4  
     e(  5 -  5) =     -5.20818  eV     1   --> A_1  D_1  S_1  
     e(  6 -  6) =     -0.10317  eV     1   --> A_1  D_1  S_1  
     e(  7 -  7) =     18.46800  eV     1   --> A_1  D_1  S_1  
     e(  8 -  8) =     18.91931  eV     1   --> B_1  D_3  S_3  
     e(  9 -  9) =     19.31508  eV     1   --> B_2  D_4  S_4  
     e( 10 - 10) =     21.67225  eV     1   --> B_1  D_3  S_3  

 **************************************************************************

 **************************************************************************

                    xk=(  -0.09375,   0.09375,   0.00000  )

     Band symmetry, C_2v (mm2)  point group:

     e(  1 -  1) =     -5.39483  eV     1   --> B_1  D_3  S_3  
     e(  2 -  2) =     -5.37872  eV     1   --> A_1  D_1  S_1  
     e(  3 -  3) =     -5.36280  eV     1   --> A_2  D_2  S_2  
     e(  4 -  4) =     -5.23021  eV     1   --> B_2  D_4  S_4  
     e(  5 -  5) =     -5.20630  eV     1   --> A_1  D_1  S_1  
     e(  6 -  6) =     -0.06190  eV     1   --> A_1  D_1  S_1  
     e(  7 -  7) =     18.10635  eV     1   --> A_1  D_1  S_1  
     e(  8 -  8) =     18.72009  eV     1   --> B_1  D_3  S_3  
     e(  9 -  9) =     19.33104  eV     1   --> B_2  D_4  S_4  
     e( 10 - 10) =     21.63077  eV     1   --> B_1  D_3  S_3  

 **************************************************************************

 **************************************************************************

                    xk=(  -0.11250,   0.11250,   0.00000  )

     Band symmetry, C_2v (mm2)  point group:

     e(  1 -  1) =     -5.42249  eV     1   --> B_1  D_3  S_3  
     e(  2 -  2) =     -5.37355  eV     1   --> A_1  D_1  S_1  
     e(  3 -  3) =     -5.35836  eV     1   --> A_2  D_2  S_2  
     e(  4 -  4) =     -5.21083  eV     1   --> A_1  D_1  S_1  
     e(  5 -  5) =     -5.19158  eV     1   --> B_2  D_4  S_4  
     e(  6 -  6) =     -0.01142  eV     1   --> A_1  D_1  S_1  
     e(  7 -  7) =     17.71942  eV     1   --> A_1  D_1  S_1  
     e(  8 -  8) =     18.48470  eV     1   --> B_1  D_3  S_3  
     e(  9 -  9) =     19.34823  eV     1   --> B_2  D_4  S_4  
     e( 10 - 10) =     21.61230  eV     1   --> B_1  D_3  S_3  

 **************************************************************************

 **************************************************************************

                    xk=(  -0.13125,   0.13125,   0.00000  )

     Band symmetry, C_2v (mm2)  point group:

     e(  1 -  1) =     -5.47879  eV     1   --> B_1  D_3  S_3  
     e(  2 -  2) =     -5.41217  eV     1   --> A_1  D_1  S_1  
     e(  3 -  3) =     -5.35555  eV     1   --> A_2  D_2  S_2  
     e(  4 -  4) =     -5.23175  eV     1   --> B_2  D_4  S_4  
     e(  5 -  5) =     -5.22447  eV     1   --> A_1  D_1  S_1  
     e(  6 -  6) =      0.04806  eV     1   --> A_1  D_1  S_1  
     e(  7 -  7) =     17.31699  eV     1   --> A_1  D_1  S_1  
     e(  8 -  8) =     18.21910  eV     1   --> B_1  D_3  S_3  
     e(  9 -  9) =     19.36516  eV     1   --> B_2  D_4  S_4  
     e( 10 - 10) =     21.61802  eV     1   --> B_1  D_3  S_3  

 **************************************************************************

 **************************************************************************

                    xk=(  -0.15000,   0.15000,   0.00000  )

     Band symmetry, C_2v (mm2)  point group:

     e(  1 -  1) =     -5.52821  eV     1   --> B_1  D_3  S_3  
     e(  2 -  2) =     -5.41181  eV     1   --> A_1  D_1  S_1  
     e(  3 -  3) =     -5.35885  eV     1   --> A_2  D_2  S_2  
     e(  4 -  4) =     -5.30400  eV     1   --> B_2  D_4  S_4  
     e(  5 -  5) =     -5.24625  eV     1   --> A_1  D_1  S_1  
     e(  6 -  6) =      0.11676  eV     1   --> A_1  D_1  S_1  
     e(  7 -  7) =     16.90712  eV     1   --> A_1  D_1  S_1  
     e(  8 -  8) =     17.93089  eV     1   --> B_1  D_3  S_3  
     e(  9 -  9) =     19.38003  eV     1   --> B_2  D_4  S_4  
     e( 10 - 10) =     21.64802  eV     1   --> B_1  D_3  S_3  

 **************************************************************************

 **************************************************************************

                    xk=(  -0.16875,   0.16875,   0.00000  )

     Band symmetry, C_2v (mm2)  point group:

     e(  1 -  1) =     -5.52971  eV     1   --> B_1  D_3  S_3  
     e(  2 -  2) =     -5.40322  eV     1   --> A_1  D_1  S_1  
     e(  3 -  3) =     -5.35255  eV     1   --> A_2  D_2  S_2  
     e(  4 -  4) =     -5.30773  eV     1   --> B_2  D_4  S_4  
     e(  5 -  5) =     -5.24433  eV     1   --> A_1  D_1  S_1  
     e(  6 -  6) =      0.19478  eV     1   --> A_1  D_1  S_1  
     e(  7 -  7) =     16.49451  eV     1   --> A_1  D_1  S_1  
     e(  8 -  8) =     17.62841  eV     1   --> B_1  D_3  S_3  
     e(  9 -  9) =     19.39069  eV     1   --> B_2  D_4  S_4  
     e( 10 - 10) =     21.70255  eV     1   --> B_1  D_3  S_3  

 **************************************************************************

 **************************************************************************

                    xk=(  -0.18750,   0.18750,   0.00000  )

     Band symmetry, C_2v (mm2)  point group:

     e(  1 -  1) =     -5.53501  eV     1   --> B_1  D_3  S_3  
     e(  2 -  2) =     -5.43430  eV     1   --> A_1  D_1  S_1  
     e(  3 -  3) =     -5.37826  eV     1   --> A_2  D_2  S_2  
     e(  4 -  4) =     -5.33565  eV     1   --> B_2  D_4  S_4  
     e(  5 -  5) =     -5.24543  eV     1   --> A_1  D_1  S_1  
     e(  6 -  6) =      0.28195  eV     1   --> A_1  D_1  S_1  
     e(  7 -  7) =     16.08189  eV     1   --> A_1  D_1  S_1  
     e(  8 -  8) =     17.31447  eV     1   --> B_1  D_3  S_3  
     e(  9 -  9) =     19.39462  eV     1   --> B_2  D_4  S_4  
     e( 10 - 10) =     21.77659  eV     1   --> B_1  D_3  S_3  

 **************************************************************************

 **************************************************************************

                    xk=(  -0.20625,   0.20625,   0.00000  )

     Band symmetry, C_2v (mm2)  point group:

     e(  1 -  1) =     -5.53525  eV     1   --> B_1  D_3  S_3  
     e(  2 -  2) =     -5.44568  eV     1   --> A_1  D_1  S_1  
     e(  3 -  3) =     -5.37117  eV     1   --> A_2  D_2  S_2  
     e(  4 -  4) =     -5.36818  eV     1   --> B_2  D_4  S_4  
     e(  5 -  5) =     -5.24693  eV     1   --> A_1  D_1  S_1  
     e(  6 -  6) =      0.37825  eV     1   --> A_1  D_1  S_1  
     e(  7 -  7) =     15.67291  eV     1   --> A_1  D_1  S_1  
     e(  8 -  8) =     16.99339  eV     1   --> B_1  D_3  S_3  
     e(  9 -  9) =     19.38911  eV     1   --> B_2  D_4  S_4  
     e( 10 - 10) =     21.86890  eV     1   --> B_1  D_3  S_3  

 **************************************************************************

 **************************************************************************

                    xk=(  -0.22500,   0.22500,   0.00000  )

     Band symmetry, C_2v (mm2)  point group:

     e(  1 -  1) =     -5.53478  eV     1   --> B_1  D_3  S_3  
     e(  2 -  2) =     -5.44160  eV     1   --> A_1  D_1  S_1  
     e(  3 -  3) =     -5.37086  eV     1   --> B_2  D_4  S_4  
     e(  4 -  4) =     -5.36338  eV     1   --> A_2  D_2  S_2  
     e(  5 -  5) =     -5.23928  eV     1   --> A_1  D_1  S_1  
     e(  6 -  6) =      0.48366  eV     1   --> A_1  D_1  S_1  
     e(  7 -  7) =     15.26944  eV     1   --> A_1  D_1  S_1  
     e(  8 -  8) =     16.66794  eV     1   --> B_1  D_3  S_3  
     e(  9 -  9) =     19.37123  eV     1   --> B_2  D_4  S_4  
     e( 10 - 10) =     21.97738  eV     1   --> B_1  D_3  S_3  

 **************************************************************************

 **************************************************************************

                    xk=(  -0.24375,   0.24375,   0.00000  )

     Band symmetry, C_2v (mm2)  point group:

     e(  1 -  1) =     -5.53353  eV     1   --> B_1  D_3  S_3  
     e(  2 -  2) =     -5.43818  eV     1   --> A_1  D_1  S_1  
     e(  3 -  3) =     -5.37291  eV     1   --> B_2  D_4  S_4  
     e(  4 -  4) =     -5.35492  eV     1   --> A_2  D_2  S_2  
     e(  5 -  5) =     -5.23034  eV     1   --> A_1  D_1  S_1  
     e(  6 -  6) =      0.59806  eV     1   --> A_1  D_1  S_1  
     e(  7 -  7) =     14.87279  eV     1   --> A_1  D_1  S_1  
     e(  8 -  8) =     16.34043  eV     1   --> B_1  D_3  S_3  
     e(  9 -  9) =     19.33813  eV     1   --> B_2  D_4  S_4  
     e( 10 - 10) =     22.10067  eV     1   --> B_1  D_3  S_3  

 **************************************************************************

 **************************************************************************

                    xk=(  -0.26250,   0.26250,   0.00000  )

     Band symmetry, C_2v (mm2)  point group:

     e(  1 -  1) =     -5.53145  eV     1   --> B_1  D_3  S_3  
     e(  2 -  2) =     -5.43550  eV     1   --> A_1  D_1  S_1  
     e(  3 -  3) =     -5.37428  eV     1   --> B_2  D_4  S_4  
     e(  4 -  4) =     -5.34583  eV     1   --> A_2  D_2  S_2  
     e(  5 -  5) =     -5.22023  eV     1   --> A_1  D_1  S_1  
     e(  6 -  6) =      0.72136  eV     1   --> A_1  D_1  S_1  
     e(  7 -  7) =     14.48425  eV     1   --> A_1  D_1  S_1  
     e(  8 -  8) =     16.01265  eV     1   --> B_1  D_3  S_3  
     e(  9 -  9) =     19.28728  eV     1   --> B_2  D_4  S_4  
     e( 10 - 10) =     22.23766  eV     1   --> B_1  D_3  S_3  

 **************************************************************************

 **************************************************************************

                    xk=(  -0.28125,   0.28125,   0.00000  )

     Band symmetry, C_2v (mm2)  point group:

     e(  1 -  1) =     -5.52848  eV     1   --> B_1  D_3  S_3  
     e(  2 -  2) =     -5.44149  eV     1   --> A_1  D_1  S_1  
     e(  3 -  3) =     -5.37492  eV     1   --> B_2  D_4  S_4  
     e(  4 -  4) =     -5.33612  eV     1   --> A_2  D_2  S_2  
     e(  5 -  5) =     -5.22711  eV     1   --> A_1  D_1  S_1  
     e(  6 -  6) =      0.85324  eV     1   --> A_1  D_1  S_1  
     e(  7 -  7) =     14.10473  eV     1   --> A_1  D_1  S_1  
     e(  8 -  8) =     15.68598  eV     1   --> B_1  D_3  S_3  
     e(  9 -  9) =     19.21672  eV     1   --> B_2  D_4  S_4  
     e( 10 - 10) =     22.38745  eV     1   --> B_1  D_3  S_3  

 **************************************************************************

 **************************************************************************

                    xk=(  -0.30000,   0.30000,   0.00000  )

     Band symmetry, C_2v (mm2)  point group:

     e(  1 -  1) =     -5.52457  eV     1   --> B_1  D_3  S_3  
     e(  2 -  2) =     -5.43974  eV     1   --> A_1  D_1  S_1  
     e(  3 -  3) =     -5.37476  eV     1   --> B_2  D_4  S_4  
     e(  4 -  4) =     -5.32582  eV     1   --> A_2  D_2  S_2  
     e(  5 -  5) =     -5.21709  eV     1   --> A_1  D_1  S_1  
     e(  6 -  6) =      0.99385  eV     1   --> A_1  D_1  S_1  
     e(  7 -  7) =     13.73554  eV     1   --> A_1  D_1  S_1  
     e(  8 -  8) =     15.36152  eV     1   --> B_1  D_3  S_3  
     e(  9 -  9) =     19.12538  eV     1   --> B_2  D_4  S_4  
     e( 10 - 10) =     22.54928  eV     1   --> B_1  D_3  S_3  

 **************************************************************************

 **************************************************************************

                    xk=(  -0.31875,   0.31875,   0.00000  )

     Band symmetry, C_2v (mm2)  point group:

     e(  1 -  1) =     -5.51965  eV     1   --> B_1  D_3  S_3  
     e(  2 -  2) =     -5.43873  eV     1   --> A_1  D_1  S_1  
     e(  3 -  3) =     -5.37375  eV     1   --> B_2  D_4  S_4  
     e(  4 -  4) =     -5.31498  eV     1   --> A_2  D_2  S_2  
     e(  5 -  5) =     -5.20650  eV     1   --> A_1  D_1  S_1  
     e(  6 -  6) =      1.14282  eV     1   --> A_1  D_1  S_1  
     e(  7 -  7) =     13.37734  eV     1   --> A_1  D_1  S_1  
     e(  8 -  8) =     15.04017  eV     1   --> B_1  D_3  S_3  
     e(  9 -  9) =     19.01318  eV     1   --> B_2  D_4  S_4  
     e( 10 - 10) =     22.30051  eV     1   --> A_1  D_1  S_1  

 **************************************************************************

 **************************************************************************

                    xk=(  -0.33750,   0.33750,   0.00000  )

     Band symmetry, C_2v (mm2)  point group:

     e(  1 -  1) =     -5.50454  eV     1   --> B_1  D_3  S_3  
     e(  2 -  2) =     -5.42172  eV     1   --> A_1  D_1  S_1  
     e(  3 -  3) =     -5.40041  eV     1   --> B_2  D_4  S_4  
     e(  4 -  4) =     -5.30853  eV     1   --> A_2  D_2  S_2  
     e(  5 -  5) =     -5.14208  eV     1   --> A_1  D_1  S_1  
     e(  6 -  6) =      1.30077  eV     1   --> A_1  D_1  S_1  
     e(  7 -  7) =     13.03130  eV     1   --> A_1  D_1  S_1  
     e(  8 -  8) =     14.72356  eV     1   --> B_1  D_3  S_3  
     e(  9 -  9) =     18.88084  eV     1   --> B_2  D_4  S_4  
     e( 10 - 10) =     22.04165  eV     1   --> A_1  D_1  S_1  

 **************************************************************************

 **************************************************************************

                    xk=(  -0.35625,   0.35625,   0.00000  )

     Band symmetry, C_2v (mm2)  point group:

     e(  1 -  1) =     -5.49918  eV     1   --> B_1  D_3  S_3  
     e(  2 -  2) =     -5.42417  eV     1   --> A_1  D_1  S_1  
     e(  3 -  3) =     -5.40186  eV     1   --> B_2  D_4  S_4  
     e(  4 -  4) =     -5.29699  eV     1   --> A_2  D_2  S_2  
     e(  5 -  5) =     -5.13421  eV     1   --> A_1  D_1  S_1  
     e(  6 -  6) =      1.46564  eV     1   --> A_1  D_1  S_1  
     e(  7 -  7) =     12.69732  eV     1   --> A_1  D_1  S_1  
     e(  8 -  8) =     14.41028  eV     1   --> B_1  D_3  S_3  
     e(  9 -  9) =     18.73022  eV     1   --> B_2  D_4  S_4  
     e( 10 - 10) =     21.79055  eV     1   --> A_1  D_1  S_1  

 **************************************************************************

 **************************************************************************

                    xk=(  -0.37500,   0.37500,   0.00000  )

     Band symmetry, C_2v (mm2)  point group:

     e(  1 -  1) =     -5.49264  eV     1   --> B_1  D_3  S_3  
     e(  2 -  2) =     -5.42682  eV     1   --> A_1  D_1  S_1  
     e(  3 -  3) =     -5.40233  eV     1   --> B_2  D_4  S_4  
     e(  4 -  4) =     -5.28501  eV     1   --> A_2  D_2  S_2  
     e(  5 -  5) =     -5.12665  eV     1   --> A_1  D_1  S_1  
     e(  6 -  6) =      1.63783  eV     1   --> A_1  D_1  S_1  
     e(  7 -  7) =     12.37665  eV     1   --> A_1  D_1  S_1  
     e(  8 -  8) =     14.10191  eV     1   --> B_1  D_3  S_3  
     e(  9 -  9) =     18.56353  eV     1   --> B_2  D_4  S_4  
     e( 10 - 10) =     21.54752  eV     1   --> A_1  D_1  S_1  

 **************************************************************************

 **************************************************************************

                    xk=(  -0.39375,   0.39375,   0.00000  )

     Band symmetry, C_2v (mm2)  point group:

     e(  1 -  1) =     -5.48488  eV     1   --> B_1  D_3  S_3  
     e(  2 -  2) =     -5.42964  eV     1   --> A_1  D_1  S_1  
     e(  3 -  3) =     -5.40179  eV     1   --> B_2  D_4  S_4  
     e(  4 -  4) =     -5.27261  eV     1   --> A_2  D_2  S_2  
     e(  5 -  5) =     -5.11956  eV     1   --> A_1  D_1  S_1  
     e(  6 -  6) =      1.81687  eV     1   --> A_1  D_1  S_1  
     e(  7 -  7) =     12.07005  eV     1   --> A_1  D_1  S_1  
     e(  8 -  8) =     13.79886  eV     1   --> B_1  D_3  S_3  
     e(  9 -  9) =     18.38331  eV     1   --> B_2  D_4  S_4  
     e( 10 - 10) =     21.31275  eV     1   --> A_1  D_1  S_1  

 **************************************************************************

 **************************************************************************

                    xk=(  -0.41250,   0.41250,   0.00000  )

     Band symmetry, C_2v (mm2)  point group:

     e(  1 -  1) =     -5.42434  eV     1   --> A_1  D_1  S_1  
     e(  2 -  2) =     -5.38590  eV     1   --> B_1  D_3  S_3  
     e(  3 -  3) =     -5.35280  eV     1   --> B_2  D_4  S_4  
     e(  4 -  4) =     -5.24452  eV     1   --> A_2  D_2  S_2  
     e(  5 -  5) =     -5.17234  eV     1   --> A_1  D_1  S_1  
     e(  6 -  6) =      2.00173  eV     1   --> A_1  D_1  S_1  
     e(  7 -  7) =     11.77852  eV     1   --> A_1  D_1  S_1  
     e(  8 -  8) =     13.50899  eV     1   --> B_1  D_3  S_3  
     e(  9 -  9) =     18.19365  eV     1   --> B_2  D_4  S_4  
     e( 10 - 10) =     21.08773  eV     1   --> A_1  D_1  S_1  

 **************************************************************************

 **************************************************************************

                    xk=(  -0.43125,   0.43125,   0.00000  )

     Band symmetry, C_2v (mm2)  point group:

     e(  1 -  1) =     -5.42822  eV     1   --> A_1  D_1  S_1  
     e(  2 -  2) =     -5.37955  eV     1   --> B_1  D_3  S_3  
     e(  3 -  3) =     -5.35289  eV     1   --> B_2  D_4  S_4  
     e(  4 -  4) =     -5.23212  eV     1   --> A_2  D_2  S_2  
     e(  5 -  5) =     -5.17137  eV     1   --> A_1  D_1  S_1  
     e(  6 -  6) =      2.19249  eV     1   --> A_1  D_1  S_1  
     e(  7 -  7) =     11.50245  eV     1   --> A_1  D_1  S_1  
     e(  8 -  8) =     13.21720  eV     1   --> B_1  D_3  S_3  
     e(  9 -  9) =     17.99412  eV     1   --> B_2  D_4  S_4  
     e( 10 - 10) =     20.86966  eV     1   --> A_1  D_1  S_1  

 **************************************************************************

 **************************************************************************

                    xk=(  -0.45000,   0.45000,   0.00000  )

     Band symmetry, C_2v (mm2)  point group:

     e(  1 -  1) =     -5.44053  eV     1   --> A_1  D_1  S_1  
     e(  2 -  2) =     -5.38076  eV     1   --> B_1  D_3  S_3  
     e(  3 -  3) =     -5.35185  eV     1   --> B_2  D_4  S_4  
     e(  4 -  4) =     -5.21938  eV     1   --> A_2  D_2  S_2  
     e(  5 -  5) =     -5.20850  eV     1   --> A_1  D_1  S_1  
     e(  6 -  6) =      2.38715  eV     1   --> A_1  D_1  S_1  
     e(  7 -  7) =     11.24297  eV     1   --> A_1  D_1  S_1  
     e(  8 -  8) =     12.93108  eV     1   --> B_1  D_3  S_3  
     e(  9 -  9) =     17.78845  eV     1   --> B_2  D_4  S_4  
     e( 10 - 10) =     20.65962  eV     1   --> A_1  D_1  S_1  

 **************************************************************************

 **************************************************************************

                    xk=(  -0.46875,   0.46875,   0.00000  )

     Band symmetry, C_2v (mm2)  point group:

     e(  1 -  1) =     -5.43334  eV     1   --> A_1  D_1  S_1  
     e(  2 -  2) =     -5.35549  eV     1   --> B_1  D_3  S_3  
     e(  3 -  3) =     -5.34112  eV     1   --> B_2  D_4  S_4  
     e(  4 -  4) =     -5.20577  eV     1   --> A_2  D_2  S_2  
     e(  5 -  5) =     -5.14518  eV     1   --> A_1  D_1  S_1  
     e(  6 -  6) =      2.58800  eV     1   --> A_1  D_1  S_1  
     e(  7 -  7) =     11.00110  eV     1   --> A_1  D_1  S_1  
     e(  8 -  8) =     12.65347  eV     1   --> B_1  D_3  S_3  
     e(  9 -  9) =     17.57902  eV     1   --> B_2  D_4  S_4  
     e( 10 - 10) =     20.45866  eV     1   --> A_1  D_1  S_1  

 **************************************************************************

 **************************************************************************

                    xk=(  -0.48750,   0.48750,   0.00000  )

     Band symmetry, C_2v (mm2)  point group:

     e(  1 -  1) =     -5.43815  eV     1   --> A_1  D_1  S_1  
     e(  2 -  2) =     -5.34629  eV     1   --> B_1  D_3  S_3  
     e(  3 -  3) =     -5.33822  eV     1   --> B_2  D_4  S_4  
     e(  4 -  4) =     -5.19247  eV     1   --> A_2  D_2  S_2  
     e(  5 -  5) =     -5.15208  eV     1   --> A_1  D_1  S_1  
     e(  6 -  6) =      2.78984  eV     1   --> A_1  D_1  S_1  
     e(  7 -  7) =     10.77793  eV     1   --> A_1  D_1  S_1  
     e(  8 -  8) =     12.38135  eV     1   --> B_1  D_3  S_3  
     e(  9 -  9) =     17.36704  eV     1   --> B_2  D_4  S_4  
     e( 10 - 10) =     20.26550  eV     1   --> A_1  D_1  S_1  

 **************************************************************************

 **************************************************************************

                    xk=(  -0.50625,   0.50625,   0.00000  )

     Band symmetry, C_2v (mm2)  point group:

     e(  1 -  1) =     -5.45410  eV     1   --> A_1  D_1  S_1  
     e(  2 -  2) =     -5.37434  eV     1   --> B_1  D_3  S_3  
     e(  3 -  3) =     -5.33415  eV     1   --> B_2  D_4  S_4  
     e(  4 -  4) =     -5.17894  eV     1   --> A_2  D_2  S_2  
     e(  5 -  5) =     -5.16481  eV     1   --> A_1  D_1  S_1  
     e(  6 -  6) =      2.99259  eV     1   --> A_1  D_1  S_1  
     e(  7 -  7) =     10.57472  eV     1   --> A_1  D_1  S_1  
     e(  8 -  8) =     12.11380  eV     1   --> B_1  D_3  S_3  
     e(  9 -  9) =     17.15440  eV     1   --> B_2  D_4  S_4  
     e( 10 - 10) =     20.07923  eV     1   --> A_1  D_1  S_1  

 **************************************************************************

 **************************************************************************

                    xk=(  -0.52500,   0.52500,   0.00000  )

     Band symmetry, C_2v (mm2)  point group:

     e(  1 -  1) =     -5.45237  eV     1   --> A_1  D_1  S_1  
     e(  2 -  2) =     -5.34788  eV     1   --> B_1  D_3  S_3  
     e(  3 -  3) =     -5.27111  eV     1   --> B_2  D_4  S_4  
     e(  4 -  4) =     -5.17088  eV     1   --> A_1  D_1  S_1  
     e(  5 -  5) =     -5.14429  eV     1   --> A_2  D_2  S_2  
     e(  6 -  6) =      3.19553  eV     1   --> A_1  D_1  S_1  
     e(  7 -  7) =     10.39303  eV     1   --> A_1  D_1  S_1  
     e(  8 -  8) =     11.85721  eV     1   --> B_1  D_3  S_3  
     e(  9 -  9) =     16.94461  eV     1   --> B_2  D_4  S_4  
     e( 10 - 10) =     19.90370  eV     1   --> A_1  D_1  S_1  

 **************************************************************************

 **************************************************************************

                    xk=(  -0.54375,   0.54375,   0.00000  )

     Band symmetry, C_2v (mm2)  point group:

     e(  1 -  1) =     -5.45800  eV     1   --> A_1  D_1  S_1  
     e(  2 -  2) =     -5.33664  eV     1   --> B_1  D_3  S_3  
     e(  3 -  3) =     -5.26631  eV     1   --> B_2  D_4  S_4  
     e(  4 -  4) =     -5.18065  eV     1   --> A_1  D_1  S_1  
     e(  5 -  5) =     -5.13115  eV     1   --> A_2  D_2  S_2  
     e(  6 -  6) =      3.39639  eV     1   --> A_1  D_1  S_1  
     e(  7 -  7) =     10.23425  eV     1   --> A_1  D_1  S_1  
     e(  8 -  8) =     11.60702  eV     1   --> B_1  D_3  S_3  
     e(  9 -  9) =     16.73451  eV     1   --> B_2  D_4  S_4  
     e( 10 - 10) =     19.73464  eV     1   --> A_1  D_1  S_1  

 **************************************************************************

 **************************************************************************

                    xk=(  -0.56250,   0.56250,   0.00000  )

     Band symmetry, C_2v (mm2)  point group:

     e(  1 -  1) =     -5.46359  eV     1   --> A_1  D_1  S_1  
     e(  2 -  2) =     -5.32411  eV     1   --> B_1  D_3  S_3  
     e(  3 -  3) =     -5.26036  eV     1   --> B_2  D_4  S_4  
     e(  4 -  4) =     -5.19126  eV     1   --> A_1  D_1  S_1  
     e(  5 -  5) =     -5.11784  eV     1   --> A_2  D_2  S_2  
     e(  6 -  6) =      3.59324  eV     1   --> A_1  D_1  S_1  
     e(  7 -  7) =     10.10026  eV     1   --> A_1  D_1  S_1  
     e(  8 -  8) =     11.36463  eV     1   --> B_1  D_3  S_3  
     e(  9 -  9) =     16.52733  eV     1   --> B_2  D_4  S_4  
     e( 10 - 10) =     19.57344  eV     1   --> A_1  D_1  S_1  

 **************************************************************************

 **************************************************************************

                    xk=(  -0.58125,   0.58125,   0.00000  )

     Band symmetry, C_2v (mm2)  point group:

     e(  1 -  1) =     -5.46221  eV     1   --> A_1  D_1  S_1  
     e(  2 -  2) =     -5.26381  eV     1   --> B_1  D_3  S_3  
     e(  3 -  3) =     -5.22984  eV     1   --> B_2  D_4  S_4  
     e(  4 -  4) =     -5.18799  eV     1   --> A_1  D_1  S_1  
     e(  5 -  5) =     -5.09535  eV     1   --> A_2  D_2  S_2  
     e(  6 -  6) =      3.78458  eV     1   --> A_1  D_1  S_1  
     e(  7 -  7) =      9.99313  eV     1   --> A_1  D_1  S_1  
     e(  8 -  8) =     11.13290  eV     1   --> B_1  D_3  S_3  
     e(  9 -  9) =     16.32476  eV     1   --> B_2  D_4  S_4  
     e( 10 - 10) =     19.42070  eV     1   --> A_1  D_1  S_1  

 **************************************************************************

 **************************************************************************

                    xk=(  -0.60000,   0.60000,   0.00000  )

     Band symmetry, C_2v (mm2)  point group:

     e(  1 -  1) =     -5.51571  eV     1   --> A_1  D_1  S_1  
     e(  2 -  2) =     -5.28295  eV     1   --> B_1  D_3  S_3  
     e(  3 -  3) =     -5.28142  eV     1   --> B_2  D_4  S_4  
     e(  4 -  4) =     -5.21011  eV     1   --> A_1  D_1  S_1  
     e(  5 -  5) =     -5.14352  eV     1   --> A_2  D_2  S_2  
     e(  6 -  6) =      3.96641  eV     1   --> A_1  D_1  S_1  
     e(  7 -  7) =      9.91422  eV     1   --> A_1  D_1  S_1  
     e(  8 -  8) =     10.90473  eV     1   --> B_1  D_3  S_3  
     e(  9 -  9) =     16.12455  eV     1   --> B_2  D_4  S_4  
     e( 10 - 10) =     19.26683  eV     1   --> A_1  D_1  S_1  

 **************************************************************************

 **************************************************************************

                    xk=(  -0.61875,   0.61875,   0.00000  )

     Band symmetry, C_2v (mm2)  point group:

     e(  1 -  1) =     -5.52230  eV     1   --> A_1  D_1  S_1  
     e(  2 -  2) =     -5.27383  eV     1   --> B_2  D_4  S_4  
     e(  3 -  3) =     -5.26910  eV     1   --> B_1  D_3  S_3  
     e(  4 -  4) =     -5.22366  eV     1   --> A_1  D_1  S_1  
     e(  5 -  5) =     -5.13196  eV     1   --> A_2  D_2  S_2  
     e(  6 -  6) =      4.13727  eV     1   --> A_1  D_1  S_1  
     e(  7 -  7) =      9.86676  eV     1   --> A_1  D_1  S_1  
     e(  8 -  8) =     10.68681  eV     1   --> B_1  D_3  S_3  
     e(  9 -  9) =     15.93114  eV     1   --> B_2  D_4  S_4  
     e( 10 - 10) =     19.12798  eV     1   --> A_1  D_1  S_1  

 **************************************************************************

 **************************************************************************

                    xk=(  -0.63750,   0.63750,   0.00000  )

     Band symmetry, C_2v (mm2)  point group:

     e(  1 -  1) =     -5.53206  eV     1   --> A_1  D_1  S_1  
     e(  2 -  2) =     -5.31235  eV     1   --> B_2  D_4  S_4  
     e(  3 -  3) =     -5.29446  eV     1   --> B_1  D_3  S_3  
     e(  4 -  4) =     -5.27182  eV     1   --> A_1  D_1  S_1  
     e(  5 -  5) =     -5.15299  eV     1   --> A_2  D_2  S_2  
     e(  6 -  6) =      4.29411  eV     1   --> A_1  D_1  S_1  
     e(  7 -  7) =      9.85116  eV     1   --> A_1  D_1  S_1  
     e(  8 -  8) =     10.47566  eV     1   --> B_1  D_3  S_3  
     e(  9 -  9) =     15.74247  eV     1   --> B_2  D_4  S_4  
     e( 10 - 10) =     18.99614  eV     1   --> A_1  D_1  S_1  

 **************************************************************************

 **************************************************************************

                    xk=(  -0.65625,   0.65625,   0.00000  )

     Band symmetry, C_2v (mm2)  point group:

     e(  1 -  1) =     -5.53283  eV     1   --> A_1  D_1  S_1  
     e(  2 -  2) =     -5.30001  eV     1   --> B_2  D_4  S_4  
     e(  3 -  3) =     -5.27962  eV     1   --> B_1  D_3  S_3  
     e(  4 -  4) =     -5.24728  eV     1   --> A_1  D_1  S_1  
     e(  5 -  5) =     -5.14261  eV     1   --> A_2  D_2  S_2  
     e(  6 -  6) =      4.43669  eV     1   --> A_1  D_1  S_1  
     e(  7 -  7) =      9.87225  eV     1   --> A_1  D_1  S_1  
     e(  8 -  8) =     10.27533  eV     1   --> B_1  D_3  S_3  
     e(  9 -  9) =     15.56169  eV     1   --> B_2  D_4  S_4  
     e( 10 - 10) =     18.87216  eV     1   --> A_1  D_1  S_1  

 **************************************************************************

 **************************************************************************

                    xk=(  -0.67500,   0.67500,   0.00000  )

     Band symmetry, C_2v (mm2)  point group:

     e(  1 -  1) =     -5.53915  eV     1   --> A_1  D_1  S_1  
     e(  2 -  2) =     -5.29154  eV     1   --> B_2  D_4  S_4  
     e(  3 -  3) =     -5.26511  eV     1   --> A_1  D_1  S_1  
     e(  4 -  4) =     -5.26389  eV     1   --> B_1  D_3  S_3  
     e(  5 -  5) =     -5.13227  eV     1   --> A_2  D_2  S_2  
     e(  6 -  6) =      4.56152  eV     1   --> A_1  D_1  S_1  
     e(  7 -  7) =      9.92764  eV     1   --> A_1  D_1  S_1  
     e(  8 -  8) =     10.08406  eV     1   --> B_1  D_3  S_3  
     e(  9 -  9) =     15.38781  eV     1   --> B_2  D_4  S_4  
     e( 10 - 10) =     18.75467  eV     1   --> A_1  D_1  S_1  

 **************************************************************************

 **************************************************************************

                    xk=(  -0.69375,   0.69375,   0.00000  )

     Band symmetry, C_2v (mm2)  point group:

     e(  1 -  1) =     -5.53870  eV     1   --> A_1  D_1  S_1  
     e(  2 -  2) =     -5.28229  eV     1   --> B_2  D_4  S_4  
     e(  3 -  3) =     -5.24507  eV     1   --> B_1  D_3  S_3  
     e(  4 -  4) =     -5.24343  eV     1   --> A_1  D_1  S_1  
     e(  5 -  5) =     -5.12199  eV     1   --> A_2  D_2  S_2  
     e(  6 -  6) =      4.66878  eV     1   --> A_1  D_1  S_1  
     e(  7 -  7) =      9.90215  eV     1   --> B_1  D_3  S_3  
     e(  8 -  8) =     10.02063  eV     1   --> A_1  D_1  S_1  
     e(  9 -  9) =     15.22140  eV     1   --> B_2  D_4  S_4  
     e( 10 - 10) =     18.64461  eV     1   --> A_1  D_1  S_1  

 **************************************************************************

 **************************************************************************

                    xk=(  -0.71250,   0.71250,   0.00000  )

     Band symmetry, C_2v (mm2)  point group:

     e(  1 -  1) =     -5.48458  eV     1   --> A_1  D_1  S_1  
     e(  2 -  2) =     -5.24789  eV     1   --> A_1  D_1  S_1  
     e(  3 -  3) =     -5.22950  eV     1   --> B_1  D_3  S_3  
     e(  4 -  4) =     -5.22753  eV     1   --> B_2  D_4  S_4  
     e(  5 -  5) =     -5.12189  eV     1   --> A_2  D_2  S_2  
     e(  6 -  6) =      4.75796  eV     1   --> A_1  D_1  S_1  
     e(  7 -  7) =      9.72954  eV     1   --> B_1  D_3  S_3  
     e(  8 -  8) =     10.14825  eV     1   --> A_1  D_1  S_1  
     e(  9 -  9) =     15.06396  eV     1   --> B_2  D_4  S_4  
     e( 10 - 10) =     18.55437  eV     1   --> A_1  D_1  S_1  

 **************************************************************************

 **************************************************************************

                    xk=(  -0.73125,   0.73125,   0.00000  )

     Band symmetry, C_2v (mm2)  point group:

     e(  1 -  1) =     -5.47311  eV     1   --> A_1  D_1  S_1  
     e(  2 -  2) =     -5.26589  eV     1   --> A_1  D_1  S_1  
     e(  3 -  3) =     -5.21399  eV     1   --> B_2  D_4  S_4  
     e(  4 -  4) =     -5.14260  eV     1   --> B_1  D_3  S_3  
     e(  5 -  5) =     -5.10759  eV     1   --> A_2  D_2  S_2  
     e(  6 -  6) =      4.83003  eV     1   --> A_1  D_1  S_1  
     e(  7 -  7) =      9.56864  eV     1   --> B_1  D_3  S_3  
     e(  8 -  8) =     10.30871  eV     1   --> A_1  D_1  S_1  
     e(  9 -  9) =     14.91367  eV     1   --> B_2  D_4  S_4  
     e( 10 - 10) =     18.46043  eV     1   --> A_1  D_1  S_1  

 **************************************************************************

 **************************************************************************

                    xk=(  -0.75000,   0.75000,   0.00000  )

     Band symmetry, C_2v (mm2)  point group:

     e(  1 -  1) =     -5.48271  eV     1   --> A_1  D_1  S_1  
     e(  2 -  2) =     -5.28355  eV     1   --> A_1  D_1  S_1  
     e(  3 -  3) =     -5.20411  eV     1   --> B_2  D_4  S_4  
     e(  4 -  4) =     -5.12883  eV     1   --> B_1  D_3  S_3  
     e(  5 -  5) =     -5.09899  eV     1   --> A_2  D_2  S_2  
     e(  6 -  6) =      4.88549  eV     1   --> A_1  D_1  S_1  
     e(  7 -  7) =      9.41532  eV     1   --> B_1  D_3  S_3  
     e(  8 -  8) =     10.50080  eV     1   --> A_1  D_1  S_1  
     e(  9 -  9) =     14.77192  eV     1   --> B_2  D_4  S_4  
     e( 10 - 10) =     18.36792  eV     1   --> A_1  D_1  S_1  

 **************************************************************************
 
     BANDS        :      3.17s CPU      3.98s WALL

 
   This run was terminated on:  21: 6:30   4Sep2026            

=------------------------------------------------------------------------------=
   JOB DONE.
=------------------------------------------------------------------------------=
